-- 영화
insert into movie (movie_id, title, release_at, thumbnail, runtime, genre, rating, created_at, deleted_at, updated_at)
values (1, 'Snowman, The', '2025-09-10 00:00:00', 'http://dummyimage.com/248x100.png/ff4444/ffffff', 168, 'ACTION',
        'R12', '2025-09-03 00:00:00', null, null);
insert into movie (movie_id, title, release_at, thumbnail, runtime, genre, rating, created_at, deleted_at, updated_at)
values (2, 'Pinocchio', '2025-05-24 00:00:00', 'http://dummyimage.com/245x100.png/5fa2dd/ffffff', 3, 'SF', 'R12',
        '2025-05-17 00:00:00', null, null);
insert into movie (movie_id, title, release_at, thumbnail, runtime, genre, rating, created_at, deleted_at, updated_at)
values (3, 'Adam & Paul', '2025-08-27 00:00:00', 'http://dummyimage.com/205x100.png/ff4444/ffffff', 96, 'HISTORY',
        'R18', '2025-08-20 00:00:00', null, null);
insert into movie (movie_id, title, release_at, thumbnail, runtime, genre, rating, created_at, deleted_at, updated_at)
values (4, 'Rio Sex Comedy', '2025-04-20 00:00:00', 'http://dummyimage.com/143x100.png/cc0000/ffffff', 113, 'ACTION',
        'R18', '2025-04-13 00:00:00', null, null);
insert into movie (movie_id, title, release_at, thumbnail, runtime, genre, rating, created_at, deleted_at, updated_at)
values (5, 'Ping Pong', '2025-03-11 00:00:00', 'http://dummyimage.com/196x100.png/dddddd/000000', 296, 'SF', 'G',
        '2025-03-04 00:00:00', null, null);
insert into movie (movie_id, title, release_at, thumbnail, runtime, genre, rating, created_at, deleted_at, updated_at)
values (6, 'Great Muppet Caper, The', '2025-12-01 00:00:00', 'http://dummyimage.com/215x100.png/dddddd/000000', 129,
        'MUSICAL', 'G', '2025-11-24 00:00:00', null, null);
insert into movie (movie_id, title, release_at, thumbnail, runtime, genre, rating, created_at, deleted_at, updated_at)
values (7, 'Jerichow', '2025-08-23 00:00:00', 'http://dummyimage.com/185x100.png/ff4444/ffffff', 265, 'SF', 'R15',
        '2025-08-16 00:00:00', null, null);
insert into movie (movie_id, title, release_at, thumbnail, runtime, genre, rating, created_at, deleted_at, updated_at)
values (8, 'Haxan: Witchcraft Through the Ages (a.k.a. The Witches)', '2025-11-14',
        'http://dummyimage.com/244x100.png/cc0000/ffffff', 166, 'ACTION', 'R15', '2025-11-07 00:00:00', null, null);
insert into movie (movie_id, title, release_at, thumbnail, runtime, genre, rating, created_at, deleted_at, updated_at)
values (9, 'Sometimes They Come Back... for More', '2025-03-31 00:00:00',
        'http://dummyimage.com/189x100.png/5fa2dd/ffffff', 136, 'SF', 'R18', '2025-03-24 00:00:00', null, null);
insert into movie (movie_id, title, release_at, thumbnail, runtime, genre, rating, created_at, deleted_at, updated_at)
values (10, 'Singin'' in the Rain', '2025-11-25 00:00:00', 'http://dummyimage.com/176x100.png/ff4444/ffffff', 50, 'SF',
        'R12', '2025-11-18 00:00:00', null, null);
insert into movie (movie_id, title, release_at, thumbnail, runtime, genre, rating, created_at, deleted_at, updated_at)
values (11, 'Summer of Fear', '2025-06-06 00:00:00', 'http://dummyimage.com/124x100.png/cc0000/ffffff', 12, 'MUSICAL',
        'G', '2025-05-30 00:00:00', null, null);
insert into movie (movie_id, title, release_at, thumbnail, runtime, genre, rating, created_at, deleted_at, updated_at)
values (12, 'Snow on Tha Bluff', '2025-05-23 00:00:00', 'http://dummyimage.com/223x100.png/5fa2dd/ffffff', 222,
        'HISTORY', 'G', '2025-05-16 00:00:00', null, '2025-10-01');
insert into movie (movie_id, title, release_at, thumbnail, runtime, genre, rating, created_at, deleted_at, updated_at)
values (13, 'Dispatch from Reuter''s, A', '2025-01-27 00:00:00', 'http://dummyimage.com/194x100.png/dddddd/000000', 3,
        'SF', 'G', '2025-01-20 00:00:00', null, null);
insert into movie (movie_id, title, release_at, thumbnail, runtime, genre, rating, created_at, deleted_at, updated_at)
values (14, 'House of Branching Love, The (Haarautuvan rakkauden talo)', '2025-03-21 00:00:00',
        'http://dummyimage.com/115x100.png/cc0000/ffffff', 57, 'COMEDY', 'R12', '2025-03-14 00:00:00', null, null);
insert into movie (movie_id, title, release_at, thumbnail, runtime, genre, rating, created_at, deleted_at, updated_at)
values (15, 'Hercules in New York', '2025-09-26 00:00:00', 'http://dummyimage.com/115x100.png/5fa2dd/ffffff', 9,
        'HISTORY', 'G', '2025-09-19 00:00:00', null, null);
insert into movie (movie_id, title, release_at, thumbnail, runtime, genre, rating, created_at, deleted_at, updated_at)
values (16, 'Judy Moody and the Not Bummer Summer 00:00:00', '2025-05-10',
        'http://dummyimage.com/138x100.png/ff4444/ffffff', 225, 'MUSICAL', 'G', '2025-05-03 00:00:00', null, null);
insert into movie (movie_id, title, release_at, thumbnail, runtime, genre, rating, created_at, deleted_at, updated_at)
values (17, 'Charlotte''s Web', '2025-04-05 00:00:00', 'http://dummyimage.com/221x100.png/ff4444/ffffff', 92, 'SF',
        'R12', '2025-03-29 00:00:00', null, null);
insert into movie (movie_id, title, release_at, thumbnail, runtime, genre, rating, created_at, deleted_at, updated_at)
values (18, 'Source Code', '2025-11-10 00:00:00', 'http://dummyimage.com/238x100.png/dddddd/000000', 5, 'MUSICAL',
        'R12', '2025-11-03 00:00:00', null, null);
insert into movie (movie_id, title, release_at, thumbnail, runtime, genre, rating, created_at, deleted_at, updated_at)
values (19, 'Rich in Love', '2025-04-11 00:00:00', 'http://dummyimage.com/235x100.png/dddddd/000000', 205, 'SF', 'R18',
        '2025-04-04 00:00:00', null, null);
insert into movie (movie_id, title, release_at, thumbnail, runtime, genre, rating, created_at, deleted_at, updated_at)
values (20, 'Somebody Up There Likes Me', '2025-07-07 00:00:00', 'http://dummyimage.com/169x100.png/cc0000/ffffff', 140,
        'SF', 'G', '2025-06-30 00:00:00', null, null);
insert into movie (movie_id, title, release_at, thumbnail, runtime, genre, rating, created_at, deleted_at, updated_at)
values (21, 'Son of the Mask', '2025-08-17 00:00:00', 'http://dummyimage.com/227x100.png/ff4444/ffffff', 107, 'ACTION',
        'R12', '2025-08-10 00:00:00', null, null);
insert into movie (movie_id, title, release_at, thumbnail, runtime, genre, rating, created_at, deleted_at, updated_at)
values (22, 'Tears of April (Käsky)', '2025-08-10 00:00:00', 'http://dummyimage.com/176x100.png/cc0000/ffffff', 144,
        'COMEDY', 'R15', '2025-08-03 00:00:00', null, null);
insert into movie (movie_id, title, release_at, thumbnail, runtime, genre, rating, created_at, deleted_at, updated_at)
values (23, 'Tavarataivas', '2025-12-14 00:00:00', 'http://dummyimage.com/173x100.png/cc0000/ffffff', 261, 'ACTION',
        'G', '2025-12-07 00:00:00', null, null);
insert into movie (movie_id, title, release_at, thumbnail, runtime, genre, rating, created_at, deleted_at, updated_at)
values (24, 'Tintin and I', '2025-06-13 00:00:00', 'http://dummyimage.com/163x100.png/ff4444/ffffff', 211, 'HISTORY',
        'R12', '2025-06-06 00:00:00', null, null);
insert into movie (movie_id, title, release_at, thumbnail, runtime, genre, rating, created_at, deleted_at, updated_at)
values (25, 'That''s Entertainment, Part II', '2025-01-24 00:00:00', 'http://dummyimage.com/178x100.png/5fa2dd/ffffff',
        185, 'MUSICAL', 'G', '2025-01-17 00:00:00', null, null);
insert into movie (movie_id, title, release_at, thumbnail, runtime, genre, rating, created_at, deleted_at, updated_at)
values (26, 'Edge of Tomorrow', '2025-05-09 00:00:00', 'http://dummyimage.com/177x100.png/5fa2dd/ffffff', 74, 'MUSICAL',
        'R18', '2025-05-02 00:00:00', null, null);
insert into movie (movie_id, title, release_at, thumbnail, runtime, genre, rating, created_at, deleted_at, updated_at)
values (27, 'Average Little Man, An (Un borghese piccolo piccolo)', '2025-03-15 00:00:00',
        'http://dummyimage.com/116x100.png/5fa2dd/ffffff', 109, 'COMEDY', 'R15', '2025-03-08 00:00:00', null, null);
insert into movie (movie_id, title, release_at, thumbnail, runtime, genre, rating, created_at, deleted_at, updated_at)
values (28, 'Super Inframan, The (Zhong guo chao ren)', '2025-12-06 00:00:00',
        'http://dummyimage.com/225x100.png/ff4444/ffffff', 283, 'MUSICAL', 'G', '2025-11-29 00:00:00', null, null);
insert into movie (movie_id, title, release_at, thumbnail, runtime, genre, rating, created_at, deleted_at, updated_at)
values (29, 'Turkish Dance, Ella Lola', '2025-09-08 00:00:00', 'http://dummyimage.com/126x100.png/ff4444/ffffff', 88,
        'COMEDY', 'R12', '2025-09-01 00:00:00', null, null);
insert into movie (movie_id, title, release_at, thumbnail, runtime, genre, rating, created_at, deleted_at, updated_at)
values (30, 'Ruby Cairo', '2025-07-20 00:00:00', 'http://dummyimage.com/102x100.png/ff4444/ffffff', 254, 'ACTION',
        'R15', '2025-07-13 00:00:00', null, null);
insert into movie (movie_id, title, release_at, thumbnail, runtime, genre, rating, created_at, deleted_at, updated_at)
values (31, 'Seconds', '2025-06-25 00:00:00', 'http://dummyimage.com/170x100.png/cc0000/ffffff', 108, 'HISTORY', 'R12',
        '2025-06-18 00:00:00', null, null);
insert into movie (movie_id, title, release_at, thumbnail, runtime, genre, rating, created_at, deleted_at, updated_at)
values (32, 'Streets of Fire', '2025-08-08 00:00:00', 'http://dummyimage.com/243x100.png/dddddd/000000', 90, 'COMEDY',
        'G', '2025-08-01 00:00:00', null, null);
insert into movie (movie_id, title, release_at, thumbnail, runtime, genre, rating, created_at, deleted_at, updated_at)
values (33, 'Colony, The', '2025-06-14 00:00:00', 'http://dummyimage.com/107x100.png/5fa2dd/ffffff', 139, 'HISTORY',
        'R12', '2025-06-07 00:00:00', null, null);
insert into movie (movie_id, title, release_at, thumbnail, runtime, genre, rating, created_at, deleted_at, updated_at)
values (34, 'The Hunters', '2025-03-07 00:00:00', 'http://dummyimage.com/139x100.png/ff4444/ffffff', 42, 'ACTION',
        'R12', '2025-03-01 00:00:00', null, null);
insert into movie (movie_id, title, release_at, thumbnail, runtime, genre, rating, created_at, deleted_at, updated_at)
values (35, 'Kids for Cash', '2025-05-12 00:00:00', 'http://dummyimage.com/204x100.png/cc0000/ffffff', 99, 'MUSICAL',
        'R12', '2025-05-05 00:00:00', null, '2025-07-27 00:00:00');
insert into movie (movie_id, title, release_at, thumbnail, runtime, genre, rating, created_at, deleted_at, updated_at)
values (36, 'Cincinnati Kid, The', '2025-01-28 00:00:00', 'http://dummyimage.com/203x100.png/dddddd/000000', 50,
        'COMEDY', 'R18', '2025-01-21 00:00:00', null, null);
insert into movie (movie_id, title, release_at, thumbnail, runtime, genre, rating, created_at, deleted_at, updated_at)
values (37, 'Innocence', '2025-08-07 00:00:00', 'http://dummyimage.com/157x100.png/cc0000/ffffff', 246, 'HISTORY',
        'R15', '2025-07-31 00:00:00', null, null);
insert into movie (movie_id, title, release_at, thumbnail, runtime, genre, rating, created_at, deleted_at, updated_at)
values (38, 'Girls on Top', '2025-09-02 00:00:00', 'http://dummyimage.com/143x100.png/dddddd/000000', 118, 'SF', 'R15',
        '2025-08-26 00:00:00', null, null);
insert into movie (movie_id, title, release_at, thumbnail, runtime, genre, rating, created_at, deleted_at, updated_at)
values (39, 'Beetlejuice', '2025-12-28 00:00:00', 'http://dummyimage.com/131x100.png/5fa2dd/ffffff', 48, 'COMEDY',
        'R15', '2025-12-21 00:00:00', null, null);
insert into movie (movie_id, title, release_at, thumbnail, runtime, genre, rating, created_at, deleted_at, updated_at)
values (40, 'Pit and the Pendulum, The', '2025-07-08 00:00:00', 'http://dummyimage.com/132x100.png/cc0000/ffffff', 275,
        'HISTORY', 'R18', '2025-07-01 00:00:00', null, null);
insert into movie (movie_id, title, release_at, thumbnail, runtime, genre, rating, created_at, deleted_at, updated_at)
values (41, 'Cat Concerto, The', '2025-05-28 00:00:00', 'http://dummyimage.com/133x100.png/ff4444/ffffff', 145,
        'MUSICAL', 'R18', '2025-05-21 00:00:00', null, null);
insert into movie (movie_id, title, release_at, thumbnail, runtime, genre, rating, created_at, deleted_at, updated_at)
values (42, 'Girl Cut in Two, The (Fille coupée en deux, La)', '2025-10-11 00:00:00',
        'http://dummyimage.com/168x100.png/dddddd/000000', 224, 'COMEDY', 'G', '2025-10-04 00:00:00', null, null);
insert into movie (movie_id, title, release_at, thumbnail, runtime, genre, rating, created_at, deleted_at, updated_at)
values (43, 'Ida', '2025-05-15', 'http://dummyimage.com/215x100.png/dddddd/000000', 262, 'HISTORY', 'R12',
        '2025-05-08 00:00:00', null, null);
insert into movie (movie_id, title, release_at, thumbnail, runtime, genre, rating, created_at, deleted_at, updated_at)
values (44, 'Journey to Saturn (Rejsen til Saturn)', '2025-09-20 00:00:00',
        'http://dummyimage.com/245x100.png/ff4444/ffffff', 57, 'COMEDY', 'R15', '2025-09-13 00:00:00', null, null);
insert into movie (movie_id, title, release_at, thumbnail, runtime, genre, rating, created_at, deleted_at, updated_at)
values (45, 'What About Dick?', '2025-11-02 00:00:00', 'http://dummyimage.com/245x100.png/cc0000/ffffff', 13, 'ACTION',
        'R18', '2025-10-26 00:00:00', null, null);
insert into movie (movie_id, title, release_at, thumbnail, runtime, genre, rating, created_at, deleted_at, updated_at)
values (46, 'Valet, The (La doublure)', '2025-03-12 00:00:00', 'http://dummyimage.com/127x100.png/dddddd/000000', 213,
        'HISTORY', 'R15', '2025-03-05 00:00:00', null, null);
insert into movie (movie_id, title, release_at, thumbnail, runtime, genre, rating, created_at, deleted_at, updated_at)
values (47, 'Rocky II', '2025-08-03 00:00:00', 'http://dummyimage.com/132x100.png/5fa2dd/ffffff', 60, 'COMEDY', 'R12',
        '2025-07-27 00:00:00', null, null);
insert into movie (movie_id, title, release_at, thumbnail, runtime, genre, rating, created_at, deleted_at, updated_at)
values (48, 'Naked', '2025-12-09 00:00:00', 'http://dummyimage.com/244x100.png/5fa2dd/ffffff', 227, 'COMEDY', 'R15',
        '2025-12-02 00:00:00', null, null);
insert into movie (movie_id, title, release_at, thumbnail, runtime, genre, rating, created_at, deleted_at, updated_at)
values (49, 'Starting Over', '2025-09-23 00:00:00', 'http://dummyimage.com/137x100.png/ff4444/ffffff', 158, 'HISTORY',
        'G', '2025-09-16 00:00:00', null, null);
insert into movie (movie_id, title, release_at, thumbnail, runtime, genre, rating, created_at, deleted_at, updated_at)
values (50, 'Cowards Bend the Knee (a.k.a. The Blue Hands)', '2025-10-26 00:00:00',
        'http://dummyimage.com/226x100.png/5fa2dd/ffffff', 148, 'COMEDY', 'R12', '2025-10-19 00:00:00', null, null);

-- 상영관
insert into theater (theater_id, name, created_at)
values (1, '1관', '2025-01-01 00:00:00');
insert into theater (theater_id, name, created_at)
values (2, '2관', '2025-01-01 00:00:00');
insert into theater (theater_id, name, created_at)
values (3, '3관', '2025-01-01 00:00:00');
insert into theater (theater_id, name, created_at)
values (4, '4관', '2025-01-01 00:00:00');
insert into theater (theater_id, name, created_at)
values (5, '5관', '2025-01-01 00:00:00');
insert into theater (theater_id, name, created_at)
values (6, '6관', '2025-01-01 00:00:00');
insert into theater (theater_id, name, created_at)
values (7, '7관', '2025-01-01 00:00:00');
insert into theater (theater_id, name, created_at)
values (8, '8관', '2025-01-01 00:00:00');
insert into theater (theater_id, name, created_at)
values (9, '9관', '2025-01-01 00:00:00');
insert into theater (theater_id, name, created_at)
values (10, '10관', '2025-01-01 00:00:00');

-- 상영

insert into screening (screening_id, movie_id, theater_id, start_at, end_at, created_at, updated_at, deleted_at) values (1, 39, 2, '2025-04-19 02:05:59', '2025-04-19 04:05:59', '2025-03-21 15:40:43', null, null);
insert into screening (screening_id, movie_id, theater_id, start_at, end_at, created_at, updated_at, deleted_at) values (2, 33, 3, '2025-04-27 01:45:26', '2025-04-27 03:45:26', '2025-03-04 15:45:13', null, null);
insert into screening (screening_id, movie_id, theater_id, start_at, end_at, created_at, updated_at, deleted_at) values (3, 45, 10, '2025-04-06 08:19:24', '2025-04-06 10:19:24', '2025-03-29 22:56:24', null, null);
insert into screening (screening_id, movie_id, theater_id, start_at, end_at, created_at, updated_at, deleted_at) values (4, 32, 7, '2025-04-04 09:32:39', '2025-04-04 11:32:39', '2025-03-16 12:27:41', null, null);
insert into screening (screening_id, movie_id, theater_id, start_at, end_at, created_at, updated_at, deleted_at) values (5, 40, 1, '2025-04-25 02:50:14', '2025-04-25 04:50:14', '2025-03-18 13:41:28', null, null);
insert into screening (screening_id, movie_id, theater_id, start_at, end_at, created_at, updated_at, deleted_at) values (6, 13, 7, '2025-04-21 21:21:08', '2025-04-21 23:21:08', '2025-03-01 08:57:29', null, null);
insert into screening (screening_id, movie_id, theater_id, start_at, end_at, created_at, updated_at, deleted_at) values (7, 4, 6, '2025-04-23 07:40:48', '2025-04-23 09:40:48', '2025-03-22 20:05:19', null, null);
insert into screening (screening_id, movie_id, theater_id, start_at, end_at, created_at, updated_at, deleted_at) values (8, 27, 9, '2025-04-09 07:32:42', '2025-04-09 09:32:42', '2025-03-22 14:41:33', null, null);
insert into screening (screening_id, movie_id, theater_id, start_at, end_at, created_at, updated_at, deleted_at) values (9, 9, 8, '2025-04-05 04:19:13', '2025-04-05 06:19:13', '2025-03-29 05:35:28', null, null);
insert into screening (screening_id, movie_id, theater_id, start_at, end_at, created_at, updated_at, deleted_at) values (10, 48, 6, '2025-04-19 08:08:41', '2025-04-19 10:08:41', '2025-03-25 17:01:34', null, null);
insert into screening (screening_id, movie_id, theater_id, start_at, end_at, created_at, updated_at, deleted_at) values (11, 23, 10, '2025-04-18 00:50:37', '2025-04-18 02:50:37', '2025-03-11 12:32:55', null, null);
insert into screening (screening_id, movie_id, theater_id, start_at, end_at, created_at, updated_at, deleted_at) values (12, 35, 9, '2025-04-08 06:13:09', '2025-04-08 08:13:09', '2025-03-24 06:55:58', null, null);
insert into screening (screening_id, movie_id, theater_id, start_at, end_at, created_at, updated_at, deleted_at) values (13, 19, 3, '2025-04-18 19:31:30', '2025-04-18 21:31:30', '2025-03-07 11:21:52', null, null);
insert into screening (screening_id, movie_id, theater_id, start_at, end_at, created_at, updated_at, deleted_at) values (14, 36, 1, '2025-04-12 02:12:41', '2025-04-12 04:12:41', '2025-03-09 19:14:49', null, null);
insert into screening (screening_id, movie_id, theater_id, start_at, end_at, created_at, updated_at, deleted_at) values (15, 3, 3, '2025-04-17 17:21:57', '2025-04-17 19:21:57', '2025-03-10 04:21:11', null, null);
insert into screening (screening_id, movie_id, theater_id, start_at, end_at, created_at, updated_at, deleted_at) values (16, 10, 6, '2025-04-26 08:08:16', '2025-04-26 10:08:16', '2025-03-14 17:47:18', null, null);
insert into screening (screening_id, movie_id, theater_id, start_at, end_at, created_at, updated_at, deleted_at) values (17, 34, 3, '2025-04-22 07:54:53', '2025-04-22 09:54:53', '2025-03-14 11:33:20', null, null);
insert into screening (screening_id, movie_id, theater_id, start_at, end_at, created_at, updated_at, deleted_at) values (18, 28, 2, '2025-04-05 17:05:14', '2025-04-05 19:05:14', '2025-03-28 04:36:35', null, null);
insert into screening (screening_id, movie_id, theater_id, start_at, end_at, created_at, updated_at, deleted_at) values (19, 42, 5, '2025-04-13 09:41:10', '2025-04-13 11:41:10', '2025-03-13 06:10:09', null, null);
insert into screening (screening_id, movie_id, theater_id, start_at, end_at, created_at, updated_at, deleted_at) values (20, 22, 6, '2025-04-13 20:31:55', '2025-04-13 22:31:55', '2025-03-17 21:21:34', null, null);
insert into screening (screening_id, movie_id, theater_id, start_at, end_at, created_at, updated_at, deleted_at) values (21, 3, 3, '2025-04-22 07:41:53', '2025-04-22 09:41:53', '2025-03-28 12:24:12', null, null);
insert into screening (screening_id, movie_id, theater_id, start_at, end_at, created_at, updated_at, deleted_at) values (22, 31, 8, '2025-04-11 22:19:41', '2025-04-12 00:19:41', '2025-03-14 03:08:37', null, null);
insert into screening (screening_id, movie_id, theater_id, start_at, end_at, created_at, updated_at, deleted_at) values (23, 4, 5, '2025-04-17 14:02:30', '2025-04-17 16:02:30', '2025-03-01 00:54:38', null, null);
insert into screening (screening_id, movie_id, theater_id, start_at, end_at, created_at, updated_at, deleted_at) values (24, 2, 8, '2025-04-09 18:03:55', '2025-04-09 20:03:55', '2025-03-13 00:51:42', null, null);
insert into screening (screening_id, movie_id, theater_id, start_at, end_at, created_at, updated_at, deleted_at) values (25, 45, 2, '2025-04-15 09:56:17', '2025-04-15 11:56:17', '2025-03-04 06:06:46', null, null);
insert into screening (screening_id, movie_id, theater_id, start_at, end_at, created_at, updated_at, deleted_at) values (26, 44, 9, '2025-04-28 01:30:34', '2025-04-28 03:30:34', '2025-03-05 02:59:54', null, null);
insert into screening (screening_id, movie_id, theater_id, start_at, end_at, created_at, updated_at, deleted_at) values (27, 47, 8, '2025-04-19 22:35:57', '2025-04-20 00:35:57', '2025-03-07 17:28:46', null, null);
insert into screening (screening_id, movie_id, theater_id, start_at, end_at, created_at, updated_at, deleted_at) values (28, 49, 2, '2025-04-10 17:50:14', '2025-04-10 19:50:14', '2025-03-08 21:45:17', null, null);
insert into screening (screening_id, movie_id, theater_id, start_at, end_at, created_at, updated_at, deleted_at) values (29, 49, 7, '2025-04-06 13:53:10', '2025-04-06 15:53:10', '2025-03-16 23:41:18', null, null);
insert into screening (screening_id, movie_id, theater_id, start_at, end_at, created_at, updated_at, deleted_at) values (30, 32, 2, '2025-04-28 14:49:42', '2025-04-28 16:49:42', '2025-03-15 19:47:53', null, null);
insert into screening (screening_id, movie_id, theater_id, start_at, end_at, created_at, updated_at, deleted_at) values (31, 16, 10, '2025-04-16 19:25:05', '2025-04-16 21:25:05', '2025-03-24 13:20:05', null, null);
insert into screening (screening_id, movie_id, theater_id, start_at, end_at, created_at, updated_at, deleted_at) values (32, 37, 2, '2025-04-29 20:37:36', '2025-04-29 22:37:36', '2025-03-10 13:01:40', null, null);
insert into screening (screening_id, movie_id, theater_id, start_at, end_at, created_at, updated_at, deleted_at) values (33, 34, 6, '2025-04-06 07:42:08', '2025-04-06 09:42:08', '2025-03-13 19:24:26', null, null);
insert into screening (screening_id, movie_id, theater_id, start_at, end_at, created_at, updated_at, deleted_at) values (34, 6, 2, '2025-04-05 20:07:35', '2025-04-05 22:07:35', '2025-03-04 14:52:58', null, null);
insert into screening (screening_id, movie_id, theater_id, start_at, end_at, created_at, updated_at, deleted_at) values (35, 39, 3, '2025-04-19 01:54:31', '2025-04-19 03:54:31', '2025-03-27 19:07:57', null, null);
insert into screening (screening_id, movie_id, theater_id, start_at, end_at, created_at, updated_at, deleted_at) values (36, 40, 5, '2025-04-23 14:42:06', '2025-04-23 16:42:06', '2025-03-22 21:29:29', null, null);
insert into screening (screening_id, movie_id, theater_id, start_at, end_at, created_at, updated_at, deleted_at) values (37, 18, 4, '2025-04-17 17:29:27', '2025-04-17 19:29:27', '2025-03-17 04:17:04', null, null);
insert into screening (screening_id, movie_id, theater_id, start_at, end_at, created_at, updated_at, deleted_at) values (38, 17, 1, '2025-04-02 13:39:40', '2025-04-02 15:39:40', '2025-03-18 07:51:18', null, null);
insert into screening (screening_id, movie_id, theater_id, start_at, end_at, created_at, updated_at, deleted_at) values (39, 21, 4, '2025-04-10 00:42:23', '2025-04-10 02:42:23', '2025-03-16 17:21:29', null, null);
insert into screening (screening_id, movie_id, theater_id, start_at, end_at, created_at, updated_at, deleted_at) values (40, 10, 7, '2025-04-05 17:00:11', '2025-04-05 19:00:11', '2025-03-05 16:04:59', null, null);
insert into screening (screening_id, movie_id, theater_id, start_at, end_at, created_at, updated_at, deleted_at) values (41, 38, 2, '2025-04-20 10:07:39', '2025-04-20 12:07:39', '2025-03-04 11:10:36', null, null);
insert into screening (screening_id, movie_id, theater_id, start_at, end_at, created_at, updated_at, deleted_at) values (42, 7, 2, '2025-04-29 10:00:51', '2025-04-29 12:00:51', '2025-03-07 13:17:52', null, null);
insert into screening (screening_id, movie_id, theater_id, start_at, end_at, created_at, updated_at, deleted_at) values (43, 22, 2, '2025-04-08 12:12:05', '2025-04-08 14:12:05', '2025-03-22 07:55:22', null, null);
insert into screening (screening_id, movie_id, theater_id, start_at, end_at, created_at, updated_at, deleted_at) values (44, 16, 2, '2025-04-28 20:14:22', '2025-04-28 22:14:22', '2025-03-16 11:27:15', null, null);
insert into screening (screening_id, movie_id, theater_id, start_at, end_at, created_at, updated_at, deleted_at) values (45, 13, 5, '2025-04-29 18:37:49', '2025-04-29 20:37:49', '2025-03-12 03:02:07', null, null);
insert into screening (screening_id, movie_id, theater_id, start_at, end_at, created_at, updated_at, deleted_at) values (46, 45, 7, '2025-04-23 12:25:07', '2025-04-23 14:25:07', '2025-03-18 11:37:32', null, null);
insert into screening (screening_id, movie_id, theater_id, start_at, end_at, created_at, updated_at, deleted_at) values (47, 35, 5, '2025-04-11 12:09:45', '2025-04-11 14:09:45', '2025-03-11 23:56:50', null, null);
insert into screening (screening_id, movie_id, theater_id, start_at, end_at, created_at, updated_at, deleted_at) values (48, 29, 5, '2025-04-24 12:13:13', '2025-04-24 14:13:13', '2025-03-02 09:38:49', null, null);
insert into screening (screening_id, movie_id, theater_id, start_at, end_at, created_at, updated_at, deleted_at) values (49, 8, 10, '2025-04-22 08:42:45', '2025-04-22 10:42:45', '2025-03-27 08:00:25', null, null);
insert into screening (screening_id, movie_id, theater_id, start_at, end_at, created_at, updated_at, deleted_at) values (50, 36, 5, '2025-04-15 21:08:36', '2025-04-15 23:08:36', '2025-03-19 14:19:30', null, null);
insert into screening (screening_id, movie_id, theater_id, start_at, end_at, created_at, updated_at, deleted_at) values (51, 34, 4, '2025-04-07 02:16:22', '2025-04-07 04:16:22', '2025-03-25 12:41:59', null, null);
insert into screening (screening_id, movie_id, theater_id, start_at, end_at, created_at, updated_at, deleted_at) values (52, 6, 6, '2025-04-16 22:12:47', '2025-04-17 00:12:47', '2025-03-15 15:17:59', null, null);
insert into screening (screening_id, movie_id, theater_id, start_at, end_at, created_at, updated_at, deleted_at) values (53, 15, 8, '2025-04-04 12:56:21', '2025-04-04 14:56:21', '2025-03-16 02:13:10', null, null);
insert into screening (screening_id, movie_id, theater_id, start_at, end_at, created_at, updated_at, deleted_at) values (54, 9, 9, '2025-04-18 00:22:29', '2025-04-18 02:22:29', '2025-03-07 01:36:31', null, null);
insert into screening (screening_id, movie_id, theater_id, start_at, end_at, created_at, updated_at, deleted_at) values (55, 5, 7, '2025-04-07 05:19:20', '2025-04-07 07:19:20', '2025-03-06 01:38:08', null, null);
insert into screening (screening_id, movie_id, theater_id, start_at, end_at, created_at, updated_at, deleted_at) values (56, 6, 4, '2025-04-29 10:07:54', '2025-04-29 12:07:54', '2025-03-21 14:59:40', null, null);
insert into screening (screening_id, movie_id, theater_id, start_at, end_at, created_at, updated_at, deleted_at) values (57, 14, 1, '2025-04-12 14:51:42', '2025-04-12 16:51:42', '2025-03-14 08:22:21', null, null);
insert into screening (screening_id, movie_id, theater_id, start_at, end_at, created_at, updated_at, deleted_at) values (58, 30, 2, '2025-04-23 16:32:38', '2025-04-23 18:32:38', '2025-03-26 20:14:47', null, null);
insert into screening (screening_id, movie_id, theater_id, start_at, end_at, created_at, updated_at, deleted_at) values (59, 43, 2, '2025-04-01 16:22:47', '2025-04-01 18:22:47', '2025-03-20 15:06:09', null, null);
insert into screening (screening_id, movie_id, theater_id, start_at, end_at, created_at, updated_at, deleted_at) values (60, 4, 6, '2025-04-03 14:57:53', '2025-04-03 16:57:53', '2025-03-09 02:36:51', null, null);
insert into screening (screening_id, movie_id, theater_id, start_at, end_at, created_at, updated_at, deleted_at) values (61, 9, 6, '2025-04-17 19:03:56', '2025-04-17 21:03:56', '2025-03-02 09:03:51', null, null);
insert into screening (screening_id, movie_id, theater_id, start_at, end_at, created_at, updated_at, deleted_at) values (62, 27, 9, '2025-04-06 17:29:26', '2025-04-06 19:29:26', '2025-03-17 05:40:59', null, null);
insert into screening (screening_id, movie_id, theater_id, start_at, end_at, created_at, updated_at, deleted_at) values (63, 24, 9, '2025-04-15 03:17:36', '2025-04-15 05:17:36', '2025-03-23 13:03:10', null, null);
insert into screening (screening_id, movie_id, theater_id, start_at, end_at, created_at, updated_at, deleted_at) values (64, 30, 1, '2025-04-23 15:55:16', '2025-04-23 17:55:16', '2025-03-29 15:22:20', null, null);
insert into screening (screening_id, movie_id, theater_id, start_at, end_at, created_at, updated_at, deleted_at) values (65, 7, 9, '2025-04-15 03:58:48', '2025-04-15 05:58:48', '2025-03-03 11:03:16', null, null);
insert into screening (screening_id, movie_id, theater_id, start_at, end_at, created_at, updated_at, deleted_at) values (66, 38, 10, '2025-04-19 01:47:25', '2025-04-19 03:47:25', '2025-03-20 09:37:38', null, null);
insert into screening (screening_id, movie_id, theater_id, start_at, end_at, created_at, updated_at, deleted_at) values (67, 48, 3, '2025-04-06 08:26:33', '2025-04-06 10:26:33', '2025-03-12 10:05:03', null, null);
insert into screening (screening_id, movie_id, theater_id, start_at, end_at, created_at, updated_at, deleted_at) values (68, 13, 2, '2025-04-10 09:45:04', '2025-04-10 11:45:04', '2025-03-26 15:58:02', null, null);
insert into screening (screening_id, movie_id, theater_id, start_at, end_at, created_at, updated_at, deleted_at) values (69, 44, 3, '2025-04-27 22:39:16', '2025-04-28 00:39:16', '2025-03-29 09:30:31', null, null);
insert into screening (screening_id, movie_id, theater_id, start_at, end_at, created_at, updated_at, deleted_at) values (70, 36, 5, '2025-04-01 01:10:44', '2025-04-01 03:10:44', '2025-03-28 16:00:12', null, null);
insert into screening (screening_id, movie_id, theater_id, start_at, end_at, created_at, updated_at, deleted_at) values (71, 24, 1, '2025-04-07 15:34:30', '2025-04-07 17:34:30', '2025-03-12 05:32:54', null, null);
insert into screening (screening_id, movie_id, theater_id, start_at, end_at, created_at, updated_at, deleted_at) values (72, 11, 4, '2025-04-01 18:19:06', '2025-04-01 20:19:06', '2025-03-27 10:39:20', null, null);
insert into screening (screening_id, movie_id, theater_id, start_at, end_at, created_at, updated_at, deleted_at) values (73, 37, 8, '2025-04-14 18:56:22', '2025-04-14 20:56:22', '2025-03-05 13:51:15', null, null);
insert into screening (screening_id, movie_id, theater_id, start_at, end_at, created_at, updated_at, deleted_at) values (74, 3, 9, '2025-04-07 14:22:07', '2025-04-07 16:22:07', '2025-03-25 06:30:27', null, null);
insert into screening (screening_id, movie_id, theater_id, start_at, end_at, created_at, updated_at, deleted_at) values (75, 27, 10, '2025-04-01 10:08:23', '2025-04-01 12:08:23', '2025-03-11 16:46:15', null, null);
insert into screening (screening_id, movie_id, theater_id, start_at, end_at, created_at, updated_at, deleted_at) values (76, 16, 4, '2025-04-11 17:28:36', '2025-04-11 19:28:36', '2025-03-21 01:33:49', null, null);
insert into screening (screening_id, movie_id, theater_id, start_at, end_at, created_at, updated_at, deleted_at) values (77, 47, 10, '2025-04-15 11:10:55', '2025-04-15 13:10:55', '2025-03-19 22:07:26', null, null);
insert into screening (screening_id, movie_id, theater_id, start_at, end_at, created_at, updated_at, deleted_at) values (78, 19, 5, '2025-04-11 18:34:30', '2025-04-11 20:34:30', '2025-03-15 05:18:16', null, null);
insert into screening (screening_id, movie_id, theater_id, start_at, end_at, created_at, updated_at, deleted_at) values (79, 21, 9, '2025-04-14 23:49:39', '2025-04-15 01:49:39', '2025-03-20 10:38:06', null, null);
insert into screening (screening_id, movie_id, theater_id, start_at, end_at, created_at, updated_at, deleted_at) values (80, 12, 2, '2025-04-13 05:52:10', '2025-04-13 07:52:10', '2025-03-25 09:11:39', null, null);
insert into screening (screening_id, movie_id, theater_id, start_at, end_at, created_at, updated_at, deleted_at) values (81, 19, 1, '2025-04-26 21:28:41', '2025-04-26 23:28:41', '2025-03-10 01:11:01', null, null);
insert into screening (screening_id, movie_id, theater_id, start_at, end_at, created_at, updated_at, deleted_at) values (82, 45, 9, '2025-04-09 04:08:21', '2025-04-09 06:08:21', '2025-03-16 14:23:42', null, null);
insert into screening (screening_id, movie_id, theater_id, start_at, end_at, created_at, updated_at, deleted_at) values (83, 33, 6, '2025-04-28 13:54:03', '2025-04-28 15:54:03', '2025-03-07 17:18:33', null, null);
insert into screening (screening_id, movie_id, theater_id, start_at, end_at, created_at, updated_at, deleted_at) values (84, 36, 10, '2025-04-14 17:08:18', '2025-04-14 19:08:18', '2025-03-11 15:16:36', null, null);
insert into screening (screening_id, movie_id, theater_id, start_at, end_at, created_at, updated_at, deleted_at) values (85, 34, 5, '2025-04-17 09:51:33', '2025-04-17 11:51:33', '2025-03-05 10:09:20', null, null);
insert into screening (screening_id, movie_id, theater_id, start_at, end_at, created_at, updated_at, deleted_at) values (86, 43, 6, '2025-04-04 08:44:51', '2025-04-04 10:44:51', '2025-03-30 10:49:04', null, null);
insert into screening (screening_id, movie_id, theater_id, start_at, end_at, created_at, updated_at, deleted_at) values (87, 34, 2, '2025-04-26 16:02:25', '2025-04-26 18:02:25', '2025-03-20 15:58:35', null, null);
insert into screening (screening_id, movie_id, theater_id, start_at, end_at, created_at, updated_at, deleted_at) values (88, 50, 4, '2025-04-06 07:12:40', '2025-04-06 09:12:40', '2025-03-01 09:20:30', null, null);
insert into screening (screening_id, movie_id, theater_id, start_at, end_at, created_at, updated_at, deleted_at) values (89, 42, 4, '2025-04-24 08:57:08', '2025-04-24 10:57:08', '2025-03-20 19:43:02', null, null);
insert into screening (screening_id, movie_id, theater_id, start_at, end_at, created_at, updated_at, deleted_at) values (90, 8, 10, '2025-04-27 03:38:48', '2025-04-27 05:38:48', '2025-03-12 12:45:05', null, null);
insert into screening (screening_id, movie_id, theater_id, start_at, end_at, created_at, updated_at, deleted_at) values (91, 37, 7, '2025-04-18 01:27:57', '2025-04-18 03:27:57', '2025-03-06 15:17:44', null, null);
insert into screening (screening_id, movie_id, theater_id, start_at, end_at, created_at, updated_at, deleted_at) values (92, 32, 9, '2025-04-09 07:25:27', '2025-04-09 09:25:27', '2025-03-08 08:28:23', null, null);
insert into screening (screening_id, movie_id, theater_id, start_at, end_at, created_at, updated_at, deleted_at) values (93, 14, 5, '2025-04-03 23:26:11', '2025-04-04 01:26:11', '2025-03-17 14:03:21', null, null);
insert into screening (screening_id, movie_id, theater_id, start_at, end_at, created_at, updated_at, deleted_at) values (94, 33, 10, '2025-04-13 06:47:36', '2025-04-13 08:47:36', '2025-03-12 09:28:44', null, null);
insert into screening (screening_id, movie_id, theater_id, start_at, end_at, created_at, updated_at, deleted_at) values (95, 33, 2, '2025-04-08 12:14:30', '2025-04-08 14:14:30', '2025-03-16 16:17:00', null, null);
insert into screening (screening_id, movie_id, theater_id, start_at, end_at, created_at, updated_at, deleted_at) values (96, 29, 1, '2025-04-22 13:42:26', '2025-04-22 15:42:26', '2025-03-12 07:25:35', null, null);
insert into screening (screening_id, movie_id, theater_id, start_at, end_at, created_at, updated_at, deleted_at) values (97, 34, 3, '2025-04-17 22:17:07', '2025-04-18 00:17:07', '2025-03-18 02:29:03', null, null);
insert into screening (screening_id, movie_id, theater_id, start_at, end_at, created_at, updated_at, deleted_at) values (98, 32, 4, '2025-04-06 13:06:11', '2025-04-06 15:06:11', '2025-03-05 02:10:05', null, null);
insert into screening (screening_id, movie_id, theater_id, start_at, end_at, created_at, updated_at, deleted_at) values (99, 45, 6, '2025-04-29 00:45:06', '2025-04-29 02:45:06', '2025-03-30 09:15:07', null, null);
insert into screening (screening_id, movie_id, theater_id, start_at, end_at, created_at, updated_at, deleted_at) values (100, 35, 2, '2025-04-07 02:01:30', '2025-04-07 04:01:30', '2025-03-06 09:34:04', null, null);
insert into screening (screening_id, movie_id, theater_id, start_at, end_at, created_at, updated_at, deleted_at) values (101, 34, 10, '2025-04-18 16:59:46', '2025-04-18 18:59:46', '2025-03-19 14:04:48', null, null);
insert into screening (screening_id, movie_id, theater_id, start_at, end_at, created_at, updated_at, deleted_at) values (102, 36, 10, '2025-04-12 21:58:39', '2025-04-12 23:58:39', '2025-03-08 20:11:05', null, null);
insert into screening (screening_id, movie_id, theater_id, start_at, end_at, created_at, updated_at, deleted_at) values (103, 18, 6, '2025-04-05 11:12:03', '2025-04-05 13:12:03', '2025-03-10 01:33:07', null, null);
insert into screening (screening_id, movie_id, theater_id, start_at, end_at, created_at, updated_at, deleted_at) values (104, 46, 8, '2025-04-08 11:59:09', '2025-04-08 13:59:09', '2025-03-07 08:52:01', null, null);
insert into screening (screening_id, movie_id, theater_id, start_at, end_at, created_at, updated_at, deleted_at) values (105, 39, 7, '2025-04-10 15:00:16', '2025-04-10 17:00:16', '2025-03-29 15:58:39', null, null);
insert into screening (screening_id, movie_id, theater_id, start_at, end_at, created_at, updated_at, deleted_at) values (106, 7, 9, '2025-04-14 07:48:39', '2025-04-14 09:48:39', '2025-03-18 16:02:47', null, null);
insert into screening (screening_id, movie_id, theater_id, start_at, end_at, created_at, updated_at, deleted_at) values (107, 6, 9, '2025-04-20 09:25:01', '2025-04-20 11:25:01', '2025-03-08 00:00:47', null, null);
insert into screening (screening_id, movie_id, theater_id, start_at, end_at, created_at, updated_at, deleted_at) values (108, 21, 3, '2025-04-14 04:56:39', '2025-04-14 06:56:39', '2025-03-27 13:07:59', null, null);
insert into screening (screening_id, movie_id, theater_id, start_at, end_at, created_at, updated_at, deleted_at) values (109, 22, 9, '2025-04-29 15:28:42', '2025-04-29 17:28:42', '2025-03-04 20:14:50', null, null);
insert into screening (screening_id, movie_id, theater_id, start_at, end_at, created_at, updated_at, deleted_at) values (110, 45, 10, '2025-04-24 22:17:41', '2025-04-25 00:17:41', '2025-03-05 15:54:41', null, null);
insert into screening (screening_id, movie_id, theater_id, start_at, end_at, created_at, updated_at, deleted_at) values (111, 2, 6, '2025-04-05 06:38:21', '2025-04-05 08:38:21', '2025-03-23 06:55:50', null, null);
insert into screening (screening_id, movie_id, theater_id, start_at, end_at, created_at, updated_at, deleted_at) values (112, 24, 7, '2025-04-29 10:04:23', '2025-04-29 12:04:23', '2025-03-06 05:48:57', null, null);
insert into screening (screening_id, movie_id, theater_id, start_at, end_at, created_at, updated_at, deleted_at) values (113, 22, 9, '2025-04-12 16:15:42', '2025-04-12 18:15:42', '2025-03-25 11:31:21', null, null);
insert into screening (screening_id, movie_id, theater_id, start_at, end_at, created_at, updated_at, deleted_at) values (114, 32, 6, '2025-04-14 16:09:27', '2025-04-14 18:09:27', '2025-03-24 06:47:04', null, null);
insert into screening (screening_id, movie_id, theater_id, start_at, end_at, created_at, updated_at, deleted_at) values (115, 31, 1, '2025-04-26 09:24:47', '2025-04-26 11:24:47', '2025-03-19 17:06:34', null, null);
insert into screening (screening_id, movie_id, theater_id, start_at, end_at, created_at, updated_at, deleted_at) values (116, 41, 5, '2025-04-24 11:19:52', '2025-04-24 13:19:52', '2025-03-20 12:33:20', null, null);
insert into screening (screening_id, movie_id, theater_id, start_at, end_at, created_at, updated_at, deleted_at) values (117, 5, 6, '2025-04-02 21:47:23', '2025-04-02 23:47:23', '2025-03-01 05:26:53', null, null);
insert into screening (screening_id, movie_id, theater_id, start_at, end_at, created_at, updated_at, deleted_at) values (118, 45, 5, '2025-04-26 13:10:53', '2025-04-26 15:10:53', '2025-03-09 02:43:09', null, null);
insert into screening (screening_id, movie_id, theater_id, start_at, end_at, created_at, updated_at, deleted_at) values (119, 25, 7, '2025-04-18 21:06:09', '2025-04-18 23:06:09', '2025-03-14 02:37:11', null, null);
insert into screening (screening_id, movie_id, theater_id, start_at, end_at, created_at, updated_at, deleted_at) values (120, 27, 1, '2025-04-04 13:08:37', '2025-04-04 15:08:37', '2025-03-24 02:22:23', null, null);
insert into screening (screening_id, movie_id, theater_id, start_at, end_at, created_at, updated_at, deleted_at) values (121, 37, 9, '2025-04-26 21:25:34', '2025-04-26 23:25:34', '2025-03-12 22:23:37', null, null);
insert into screening (screening_id, movie_id, theater_id, start_at, end_at, created_at, updated_at, deleted_at) values (122, 6, 3, '2025-04-12 19:50:34', '2025-04-12 21:50:34', '2025-03-14 00:55:00', null, null);
insert into screening (screening_id, movie_id, theater_id, start_at, end_at, created_at, updated_at, deleted_at) values (123, 11, 2, '2025-04-24 13:12:33', '2025-04-24 15:12:33', '2025-03-18 06:04:33', null, null);
insert into screening (screening_id, movie_id, theater_id, start_at, end_at, created_at, updated_at, deleted_at) values (124, 1, 7, '2025-04-26 09:56:22', '2025-04-26 11:56:22', '2025-03-24 19:43:48', null, null);
insert into screening (screening_id, movie_id, theater_id, start_at, end_at, created_at, updated_at, deleted_at) values (125, 25, 6, '2025-04-01 11:29:40', '2025-04-01 13:29:40', '2025-03-17 21:07:29', null, null);
insert into screening (screening_id, movie_id, theater_id, start_at, end_at, created_at, updated_at, deleted_at) values (126, 7, 5, '2025-04-23 13:53:45', '2025-04-23 15:53:45', '2025-03-05 12:18:06', null, null);
insert into screening (screening_id, movie_id, theater_id, start_at, end_at, created_at, updated_at, deleted_at) values (127, 6, 9, '2025-04-09 22:13:27', '2025-04-10 00:13:27', '2025-03-06 16:38:51', null, null);
insert into screening (screening_id, movie_id, theater_id, start_at, end_at, created_at, updated_at, deleted_at) values (128, 10, 10, '2025-04-18 06:55:34', '2025-04-18 08:55:34', '2025-03-18 22:50:47', null, null);
insert into screening (screening_id, movie_id, theater_id, start_at, end_at, created_at, updated_at, deleted_at) values (129, 25, 2, '2025-04-05 02:26:30', '2025-04-05 04:26:30', '2025-03-06 22:08:33', null, null);
insert into screening (screening_id, movie_id, theater_id, start_at, end_at, created_at, updated_at, deleted_at) values (130, 24, 1, '2025-04-25 13:45:17', '2025-04-25 15:45:17', '2025-03-30 08:05:16', null, null);
insert into screening (screening_id, movie_id, theater_id, start_at, end_at, created_at, updated_at, deleted_at) values (131, 43, 8, '2025-04-26 02:35:23', '2025-04-26 04:35:23', '2025-03-14 07:10:58', null, null);
insert into screening (screening_id, movie_id, theater_id, start_at, end_at, created_at, updated_at, deleted_at) values (132, 49, 5, '2025-04-13 23:55:31', '2025-04-14 01:55:31', '2025-03-05 05:50:31', null, null);
insert into screening (screening_id, movie_id, theater_id, start_at, end_at, created_at, updated_at, deleted_at) values (133, 5, 5, '2025-04-26 23:02:04', '2025-04-27 01:02:04', '2025-03-28 22:06:47', null, null);
insert into screening (screening_id, movie_id, theater_id, start_at, end_at, created_at, updated_at, deleted_at) values (134, 29, 9, '2025-04-24 15:59:48', '2025-04-24 17:59:48', '2025-03-23 14:21:53', null, null);
insert into screening (screening_id, movie_id, theater_id, start_at, end_at, created_at, updated_at, deleted_at) values (135, 33, 4, '2025-04-07 16:05:05', '2025-04-07 18:05:05', '2025-03-09 14:08:14', null, null);
insert into screening (screening_id, movie_id, theater_id, start_at, end_at, created_at, updated_at, deleted_at) values (136, 9, 10, '2025-04-18 05:40:47', '2025-04-18 07:40:47', '2025-03-19 13:40:31', null, null);
insert into screening (screening_id, movie_id, theater_id, start_at, end_at, created_at, updated_at, deleted_at) values (137, 17, 1, '2025-04-18 10:39:02', '2025-04-18 12:39:02', '2025-03-22 22:00:12', null, null);
insert into screening (screening_id, movie_id, theater_id, start_at, end_at, created_at, updated_at, deleted_at) values (138, 22, 7, '2025-04-09 15:39:55', '2025-04-09 17:39:55', '2025-03-08 01:15:58', null, null);
insert into screening (screening_id, movie_id, theater_id, start_at, end_at, created_at, updated_at, deleted_at) values (139, 40, 8, '2025-04-01 07:01:53', '2025-04-01 09:01:53', '2025-03-15 15:05:41', null, null);
insert into screening (screening_id, movie_id, theater_id, start_at, end_at, created_at, updated_at, deleted_at) values (140, 35, 4, '2025-04-23 21:29:05', '2025-04-23 23:29:05', '2025-03-20 07:30:08', null, null);
insert into screening (screening_id, movie_id, theater_id, start_at, end_at, created_at, updated_at, deleted_at) values (141, 10, 9, '2025-04-20 01:03:51', '2025-04-20 03:03:51', '2025-03-13 06:11:51', null, null);
insert into screening (screening_id, movie_id, theater_id, start_at, end_at, created_at, updated_at, deleted_at) values (142, 26, 1, '2025-04-14 03:20:11', '2025-04-14 05:20:11', '2025-03-08 07:02:40', null, null);
insert into screening (screening_id, movie_id, theater_id, start_at, end_at, created_at, updated_at, deleted_at) values (143, 45, 6, '2025-04-19 01:09:39', '2025-04-19 03:09:39', '2025-03-19 23:35:28', null, null);
insert into screening (screening_id, movie_id, theater_id, start_at, end_at, created_at, updated_at, deleted_at) values (144, 32, 10, '2025-04-04 08:47:15', '2025-04-04 10:47:15', '2025-03-09 18:07:11', null, null);
insert into screening (screening_id, movie_id, theater_id, start_at, end_at, created_at, updated_at, deleted_at) values (145, 29, 3, '2025-04-05 13:37:37', '2025-04-05 15:37:37', '2025-03-06 16:15:26', null, null);
insert into screening (screening_id, movie_id, theater_id, start_at, end_at, created_at, updated_at, deleted_at) values (146, 20, 8, '2025-04-29 17:20:02', '2025-04-29 19:20:02', '2025-03-01 21:37:12', null, null);
insert into screening (screening_id, movie_id, theater_id, start_at, end_at, created_at, updated_at, deleted_at) values (147, 21, 3, '2025-04-10 14:25:56', '2025-04-10 16:25:56', '2025-03-04 14:51:05', null, null);
insert into screening (screening_id, movie_id, theater_id, start_at, end_at, created_at, updated_at, deleted_at) values (148, 11, 7, '2025-04-25 14:45:45', '2025-04-25 16:45:45', '2025-03-12 01:29:28', null, null);
insert into screening (screening_id, movie_id, theater_id, start_at, end_at, created_at, updated_at, deleted_at) values (149, 11, 6, '2025-04-21 13:49:17', '2025-04-21 15:49:17', '2025-03-25 21:02:58', null, null);
insert into screening (screening_id, movie_id, theater_id, start_at, end_at, created_at, updated_at, deleted_at) values (150, 3, 4, '2025-04-13 17:51:09', '2025-04-13 19:51:09', '2025-03-08 09:38:17', null, null);
insert into screening (screening_id, movie_id, theater_id, start_at, end_at, created_at, updated_at, deleted_at) values (151, 35, 10, '2025-04-20 15:16:00', '2025-04-20 17:16:00', '2025-03-25 10:48:02', null, null);
insert into screening (screening_id, movie_id, theater_id, start_at, end_at, created_at, updated_at, deleted_at) values (152, 14, 5, '2025-04-01 03:40:44', '2025-04-01 05:40:44', '2025-03-26 13:38:29', null, null);
insert into screening (screening_id, movie_id, theater_id, start_at, end_at, created_at, updated_at, deleted_at) values (153, 11, 8, '2025-04-22 07:28:21', '2025-04-22 09:28:21', '2025-03-19 13:54:32', null, null);
insert into screening (screening_id, movie_id, theater_id, start_at, end_at, created_at, updated_at, deleted_at) values (154, 12, 2, '2025-04-25 19:10:43', '2025-04-25 21:10:43', '2025-03-06 13:54:38', null, null);
insert into screening (screening_id, movie_id, theater_id, start_at, end_at, created_at, updated_at, deleted_at) values (155, 10, 4, '2025-04-01 21:30:55', '2025-04-01 23:30:55', '2025-03-30 10:54:53', null, null);
insert into screening (screening_id, movie_id, theater_id, start_at, end_at, created_at, updated_at, deleted_at) values (156, 16, 5, '2025-04-08 13:20:01', '2025-04-08 15:20:01', '2025-03-25 02:45:20', null, null);
insert into screening (screening_id, movie_id, theater_id, start_at, end_at, created_at, updated_at, deleted_at) values (157, 24, 3, '2025-04-06 11:05:19', '2025-04-06 13:05:19', '2025-03-12 06:57:25', null, null);
insert into screening (screening_id, movie_id, theater_id, start_at, end_at, created_at, updated_at, deleted_at) values (158, 32, 10, '2025-04-25 19:54:51', '2025-04-25 21:54:51', '2025-03-25 03:55:10', null, null);
insert into screening (screening_id, movie_id, theater_id, start_at, end_at, created_at, updated_at, deleted_at) values (159, 4, 2, '2025-04-28 05:35:41', '2025-04-28 07:35:41', '2025-03-06 15:20:12', null, null);
insert into screening (screening_id, movie_id, theater_id, start_at, end_at, created_at, updated_at, deleted_at) values (160, 38, 4, '2025-04-12 15:05:22', '2025-04-12 17:05:22', '2025-03-18 13:28:09', null, null);
insert into screening (screening_id, movie_id, theater_id, start_at, end_at, created_at, updated_at, deleted_at) values (161, 21, 7, '2025-04-17 07:37:41', '2025-04-17 09:37:41', '2025-03-07 09:11:07', null, null);
insert into screening (screening_id, movie_id, theater_id, start_at, end_at, created_at, updated_at, deleted_at) values (162, 25, 10, '2025-04-09 05:01:38', '2025-04-09 07:01:38', '2025-03-10 02:14:52', null, null);
insert into screening (screening_id, movie_id, theater_id, start_at, end_at, created_at, updated_at, deleted_at) values (163, 43, 7, '2025-04-26 00:02:32', '2025-04-26 02:02:32', '2025-03-22 12:18:59', null, null);
insert into screening (screening_id, movie_id, theater_id, start_at, end_at, created_at, updated_at, deleted_at) values (164, 35, 10, '2025-04-02 05:04:13', '2025-04-02 07:04:13', '2025-03-12 19:56:50', null, null);
insert into screening (screening_id, movie_id, theater_id, start_at, end_at, created_at, updated_at, deleted_at) values (165, 19, 7, '2025-04-18 13:10:29', '2025-04-18 15:10:29', '2025-03-10 01:56:21', null, null);
insert into screening (screening_id, movie_id, theater_id, start_at, end_at, created_at, updated_at, deleted_at) values (166, 29, 8, '2025-04-14 08:15:12', '2025-04-14 10:15:12', '2025-03-23 20:51:17', null, null);
insert into screening (screening_id, movie_id, theater_id, start_at, end_at, created_at, updated_at, deleted_at) values (167, 37, 2, '2025-04-05 18:36:21', '2025-04-05 20:36:21', '2025-03-08 23:31:52', null, null);
insert into screening (screening_id, movie_id, theater_id, start_at, end_at, created_at, updated_at, deleted_at) values (168, 9, 5, '2025-04-08 00:25:01', '2025-04-08 02:25:01', '2025-03-30 14:45:04', null, null);
insert into screening (screening_id, movie_id, theater_id, start_at, end_at, created_at, updated_at, deleted_at) values (169, 6, 8, '2025-04-04 00:29:37', '2025-04-04 02:29:37', '2025-03-16 02:59:05', null, null);
insert into screening (screening_id, movie_id, theater_id, start_at, end_at, created_at, updated_at, deleted_at) values (170, 39, 4, '2025-04-22 12:07:54', '2025-04-22 14:07:54', '2025-03-15 16:05:20', null, null);
insert into screening (screening_id, movie_id, theater_id, start_at, end_at, created_at, updated_at, deleted_at) values (171, 37, 7, '2025-04-26 17:46:56', '2025-04-26 19:46:56', '2025-03-25 14:00:41', null, null);
insert into screening (screening_id, movie_id, theater_id, start_at, end_at, created_at, updated_at, deleted_at) values (172, 47, 6, '2025-04-25 21:54:29', '2025-04-25 23:54:29', '2025-03-27 15:15:18', null, null);
insert into screening (screening_id, movie_id, theater_id, start_at, end_at, created_at, updated_at, deleted_at) values (173, 48, 1, '2025-04-14 23:10:27', '2025-04-15 01:10:27', '2025-03-15 04:59:23', null, '2025-03-15 09:10:26');
insert into screening (screening_id, movie_id, theater_id, start_at, end_at, created_at, updated_at, deleted_at) values (174, 18, 7, '2025-04-27 13:20:24', '2025-04-27 15:20:24', '2025-03-29 06:44:30', null, null);
insert into screening (screening_id, movie_id, theater_id, start_at, end_at, created_at, updated_at, deleted_at) values (175, 29, 2, '2025-04-25 08:27:31', '2025-04-25 10:27:31', '2025-03-05 18:34:26', null, null);
insert into screening (screening_id, movie_id, theater_id, start_at, end_at, created_at, updated_at, deleted_at) values (176, 18, 1, '2025-04-28 22:29:36', '2025-04-29 00:29:36', '2025-03-16 14:00:03', null, null);
insert into screening (screening_id, movie_id, theater_id, start_at, end_at, created_at, updated_at, deleted_at) values (177, 22, 8, '2025-04-05 07:14:20', '2025-04-05 09:14:20', '2025-03-02 05:25:41', null, null);
insert into screening (screening_id, movie_id, theater_id, start_at, end_at, created_at, updated_at, deleted_at) values (178, 22, 1, '2025-04-28 23:41:15', '2025-04-29 01:41:15', '2025-03-11 18:07:10', null, null);
insert into screening (screening_id, movie_id, theater_id, start_at, end_at, created_at, updated_at, deleted_at) values (179, 18, 1, '2025-04-02 03:29:47', '2025-04-02 05:29:47', '2025-03-15 08:59:00', null, null);
insert into screening (screening_id, movie_id, theater_id, start_at, end_at, created_at, updated_at, deleted_at) values (180, 12, 7, '2025-04-27 15:28:28', '2025-04-27 17:28:28', '2025-03-19 06:20:58', null, null);
insert into screening (screening_id, movie_id, theater_id, start_at, end_at, created_at, updated_at, deleted_at) values (181, 30, 5, '2025-04-10 06:56:02', '2025-04-10 08:56:02', '2025-03-02 15:53:26', null, null);
insert into screening (screening_id, movie_id, theater_id, start_at, end_at, created_at, updated_at, deleted_at) values (182, 4, 10, '2025-04-15 02:54:32', '2025-04-15 04:54:32', '2025-03-12 01:07:25', null, null);
insert into screening (screening_id, movie_id, theater_id, start_at, end_at, created_at, updated_at, deleted_at) values (183, 43, 3, '2025-04-01 15:23:38', '2025-04-01 17:23:38', '2025-03-10 00:16:03', null, null);
insert into screening (screening_id, movie_id, theater_id, start_at, end_at, created_at, updated_at, deleted_at) values (184, 1, 6, '2025-04-29 08:45:20', '2025-04-29 10:45:20', '2025-03-02 17:59:01', null, null);
insert into screening (screening_id, movie_id, theater_id, start_at, end_at, created_at, updated_at, deleted_at) values (185, 35, 8, '2025-04-10 16:46:41', '2025-04-10 18:46:41', '2025-03-21 00:08:50', null, null);
insert into screening (screening_id, movie_id, theater_id, start_at, end_at, created_at, updated_at, deleted_at) values (186, 35, 4, '2025-04-17 07:55:40', '2025-04-17 09:55:40', '2025-03-27 16:09:33', null, null);
insert into screening (screening_id, movie_id, theater_id, start_at, end_at, created_at, updated_at, deleted_at) values (187, 4, 10, '2025-04-22 01:12:29', '2025-04-22 03:12:29', '2025-03-23 21:49:30', null, null);
insert into screening (screening_id, movie_id, theater_id, start_at, end_at, created_at, updated_at, deleted_at) values (188, 32, 9, '2025-04-28 00:46:40', '2025-04-28 02:46:40', '2025-03-13 22:50:25', null, null);
insert into screening (screening_id, movie_id, theater_id, start_at, end_at, created_at, updated_at, deleted_at) values (189, 21, 7, '2025-04-13 10:29:32', '2025-04-13 12:29:32', '2025-03-26 05:49:54', null, '2025-03-04 14:22:42');
insert into screening (screening_id, movie_id, theater_id, start_at, end_at, created_at, updated_at, deleted_at) values (190, 14, 5, '2025-04-18 07:31:11', '2025-04-18 09:31:11', '2025-03-30 02:56:18', null, null);
insert into screening (screening_id, movie_id, theater_id, start_at, end_at, created_at, updated_at, deleted_at) values (191, 15, 4, '2025-04-18 22:38:01', '2025-04-19 00:38:01', '2025-03-14 19:02:33', null, null);
insert into screening (screening_id, movie_id, theater_id, start_at, end_at, created_at, updated_at, deleted_at) values (192, 29, 10, '2025-04-29 04:57:28', '2025-04-29 06:57:28', '2025-03-30 00:06:33', null, null);
insert into screening (screening_id, movie_id, theater_id, start_at, end_at, created_at, updated_at, deleted_at) values (193, 2, 4, '2025-04-14 11:11:34', '2025-04-14 13:11:34', '2025-03-20 22:15:12', null, null);
insert into screening (screening_id, movie_id, theater_id, start_at, end_at, created_at, updated_at, deleted_at) values (194, 30, 6, '2025-04-06 20:11:47', '2025-04-06 22:11:47', '2025-03-27 00:11:50', null, null);
insert into screening (screening_id, movie_id, theater_id, start_at, end_at, created_at, updated_at, deleted_at) values (195, 12, 6, '2025-04-20 00:16:10', '2025-04-20 02:16:10', '2025-03-06 22:37:17', '2025-03-23 13:26:16', null);
insert into screening (screening_id, movie_id, theater_id, start_at, end_at, created_at, updated_at, deleted_at) values (196, 14, 2, '2025-04-21 18:56:30', '2025-04-21 20:56:30', '2025-03-11 18:21:30', null, '2025-03-09 10:54:25');
insert into screening (screening_id, movie_id, theater_id, start_at, end_at, created_at, updated_at, deleted_at) values (197, 15, 1, '2025-04-21 00:22:45', '2025-04-21 02:22:45', '2025-03-18 20:00:50', null, null);
insert into screening (screening_id, movie_id, theater_id, start_at, end_at, created_at, updated_at, deleted_at) values (198, 46, 7, '2025-04-28 04:49:13', '2025-04-28 06:49:13', '2025-03-20 18:49:28', null, null);
insert into screening (screening_id, movie_id, theater_id, start_at, end_at, created_at, updated_at, deleted_at) values (199, 39, 7, '2025-04-28 17:19:42', '2025-04-28 19:19:42', '2025-03-19 15:03:34', null, null);
insert into screening (screening_id, movie_id, theater_id, start_at, end_at, created_at, updated_at, deleted_at) values (200, 33, 7, '2025-04-18 03:36:59', '2025-04-18 05:36:59', '2025-03-02 21:58:13', null, null);
insert into screening (screening_id, movie_id, theater_id, start_at, end_at, created_at, updated_at, deleted_at) values (201, 39, 8, '2025-04-09 15:05:14', '2025-04-09 17:05:14', '2025-03-25 23:11:43', null, null);
insert into screening (screening_id, movie_id, theater_id, start_at, end_at, created_at, updated_at, deleted_at) values (202, 40, 9, '2025-04-05 10:30:03', '2025-04-05 12:30:03', '2025-03-02 04:44:16', null, null);
insert into screening (screening_id, movie_id, theater_id, start_at, end_at, created_at, updated_at, deleted_at) values (203, 22, 7, '2025-04-11 14:53:02', '2025-04-11 16:53:02', '2025-03-21 06:33:26', null, null);
insert into screening (screening_id, movie_id, theater_id, start_at, end_at, created_at, updated_at, deleted_at) values (204, 5, 10, '2025-04-11 22:35:54', '2025-04-12 00:35:54', '2025-03-21 13:08:54', null, null);
insert into screening (screening_id, movie_id, theater_id, start_at, end_at, created_at, updated_at, deleted_at) values (205, 33, 8, '2025-04-01 10:27:18', '2025-04-01 12:27:18', '2025-03-12 06:07:51', null, null);
insert into screening (screening_id, movie_id, theater_id, start_at, end_at, created_at, updated_at, deleted_at) values (206, 31, 10, '2025-04-21 03:04:40', '2025-04-21 05:04:40', '2025-03-08 17:05:10', null, null);
insert into screening (screening_id, movie_id, theater_id, start_at, end_at, created_at, updated_at, deleted_at) values (207, 42, 5, '2025-04-03 15:29:57', '2025-04-03 17:29:57', '2025-03-07 14:07:45', null, null);
insert into screening (screening_id, movie_id, theater_id, start_at, end_at, created_at, updated_at, deleted_at) values (208, 26, 5, '2025-04-21 17:14:01', '2025-04-21 19:14:01', '2025-03-14 08:23:11', null, null);
insert into screening (screening_id, movie_id, theater_id, start_at, end_at, created_at, updated_at, deleted_at) values (209, 12, 4, '2025-04-07 10:46:53', '2025-04-07 12:46:53', '2025-03-20 22:44:59', null, null);
insert into screening (screening_id, movie_id, theater_id, start_at, end_at, created_at, updated_at, deleted_at) values (210, 7, 9, '2025-04-23 16:28:49', '2025-04-23 18:28:49', '2025-03-08 01:41:36', null, null);
insert into screening (screening_id, movie_id, theater_id, start_at, end_at, created_at, updated_at, deleted_at) values (211, 24, 7, '2025-04-02 20:07:38', '2025-04-02 22:07:38', '2025-03-15 15:07:06', null, null);
insert into screening (screening_id, movie_id, theater_id, start_at, end_at, created_at, updated_at, deleted_at) values (212, 44, 2, '2025-04-20 04:18:56', '2025-04-20 06:18:56', '2025-03-06 17:22:12', null, null);
insert into screening (screening_id, movie_id, theater_id, start_at, end_at, created_at, updated_at, deleted_at) values (213, 41, 6, '2025-04-29 15:38:49', '2025-04-29 17:38:49', '2025-03-17 06:35:05', null, null);
insert into screening (screening_id, movie_id, theater_id, start_at, end_at, created_at, updated_at, deleted_at) values (214, 41, 8, '2025-04-08 10:46:39', '2025-04-08 12:46:39', '2025-03-27 04:05:48', null, null);
insert into screening (screening_id, movie_id, theater_id, start_at, end_at, created_at, updated_at, deleted_at) values (215, 49, 6, '2025-04-06 21:11:02', '2025-04-06 23:11:02', '2025-03-19 14:20:06', null, null);
insert into screening (screening_id, movie_id, theater_id, start_at, end_at, created_at, updated_at, deleted_at) values (216, 6, 7, '2025-04-02 11:32:35', '2025-04-02 13:32:35', '2025-03-17 00:45:11', null, null);
insert into screening (screening_id, movie_id, theater_id, start_at, end_at, created_at, updated_at, deleted_at) values (217, 29, 8, '2025-04-20 22:27:34', '2025-04-21 00:27:34', '2025-03-14 20:32:37', null, null);
insert into screening (screening_id, movie_id, theater_id, start_at, end_at, created_at, updated_at, deleted_at) values (218, 33, 8, '2025-04-29 14:02:34', '2025-04-29 16:02:34', '2025-03-22 16:48:27', null, null);
insert into screening (screening_id, movie_id, theater_id, start_at, end_at, created_at, updated_at, deleted_at) values (219, 27, 8, '2025-04-02 21:46:12', '2025-04-02 23:46:12', '2025-03-07 21:07:34', null, null);
insert into screening (screening_id, movie_id, theater_id, start_at, end_at, created_at, updated_at, deleted_at) values (220, 35, 9, '2025-04-11 04:12:25', '2025-04-11 06:12:25', '2025-03-05 05:09:17', '2025-03-05 19:51:36', null);
insert into screening (screening_id, movie_id, theater_id, start_at, end_at, created_at, updated_at, deleted_at) values (221, 37, 10, '2025-04-04 16:42:18', '2025-04-04 18:42:18', '2025-03-02 02:03:13', null, null);
insert into screening (screening_id, movie_id, theater_id, start_at, end_at, created_at, updated_at, deleted_at) values (222, 5, 3, '2025-04-07 07:32:55', '2025-04-07 09:32:55', '2025-03-30 07:11:00', null, null);
insert into screening (screening_id, movie_id, theater_id, start_at, end_at, created_at, updated_at, deleted_at) values (223, 6, 5, '2025-04-08 03:08:26', '2025-04-08 05:08:26', '2025-03-21 13:49:24', null, null);
insert into screening (screening_id, movie_id, theater_id, start_at, end_at, created_at, updated_at, deleted_at) values (224, 42, 9, '2025-04-03 16:17:00', '2025-04-03 18:17:00', '2025-03-26 07:23:52', null, null);
insert into screening (screening_id, movie_id, theater_id, start_at, end_at, created_at, updated_at, deleted_at) values (225, 28, 3, '2025-04-14 08:31:53', '2025-04-14 10:31:53', '2025-03-02 17:19:28', null, null);
insert into screening (screening_id, movie_id, theater_id, start_at, end_at, created_at, updated_at, deleted_at) values (226, 24, 1, '2025-04-04 02:02:40', '2025-04-04 04:02:40', '2025-03-25 07:01:30', null, null);
insert into screening (screening_id, movie_id, theater_id, start_at, end_at, created_at, updated_at, deleted_at) values (227, 20, 5, '2025-04-02 13:20:52', '2025-04-02 15:20:52', '2025-03-13 18:19:06', null, null);
insert into screening (screening_id, movie_id, theater_id, start_at, end_at, created_at, updated_at, deleted_at) values (228, 5, 1, '2025-04-04 12:52:44', '2025-04-04 14:52:44', '2025-03-13 10:04:35', null, null);
insert into screening (screening_id, movie_id, theater_id, start_at, end_at, created_at, updated_at, deleted_at) values (229, 29, 9, '2025-04-23 14:42:57', '2025-04-23 16:42:57', '2025-03-29 06:15:17', null, null);
insert into screening (screening_id, movie_id, theater_id, start_at, end_at, created_at, updated_at, deleted_at) values (230, 2, 4, '2025-04-12 07:23:46', '2025-04-12 09:23:46', '2025-03-20 07:03:30', null, null);
insert into screening (screening_id, movie_id, theater_id, start_at, end_at, created_at, updated_at, deleted_at) values (231, 19, 6, '2025-04-15 22:42:40', '2025-04-16 00:42:40', '2025-03-04 12:58:31', null, null);
insert into screening (screening_id, movie_id, theater_id, start_at, end_at, created_at, updated_at, deleted_at) values (232, 31, 9, '2025-04-22 20:34:39', '2025-04-22 22:34:39', '2025-03-23 16:52:05', null, null);
insert into screening (screening_id, movie_id, theater_id, start_at, end_at, created_at, updated_at, deleted_at) values (233, 29, 8, '2025-04-14 11:26:59', '2025-04-14 13:26:59', '2025-03-13 17:12:19', null, null);
insert into screening (screening_id, movie_id, theater_id, start_at, end_at, created_at, updated_at, deleted_at) values (234, 13, 3, '2025-04-06 15:37:23', '2025-04-06 17:37:23', '2025-03-17 12:03:10', null, null);
insert into screening (screening_id, movie_id, theater_id, start_at, end_at, created_at, updated_at, deleted_at) values (235, 26, 7, '2025-04-18 15:22:16', '2025-04-18 17:22:16', '2025-03-12 19:24:34', null, null);
insert into screening (screening_id, movie_id, theater_id, start_at, end_at, created_at, updated_at, deleted_at) values (236, 44, 10, '2025-04-17 12:18:42', '2025-04-17 14:18:42', '2025-03-11 11:39:58', null, null);
insert into screening (screening_id, movie_id, theater_id, start_at, end_at, created_at, updated_at, deleted_at) values (237, 43, 5, '2025-04-21 03:25:48', '2025-04-21 05:25:48', '2025-03-12 10:19:50', null, null);
insert into screening (screening_id, movie_id, theater_id, start_at, end_at, created_at, updated_at, deleted_at) values (238, 1, 5, '2025-04-02 19:32:02', '2025-04-02 21:32:02', '2025-03-17 06:15:47', null, null);
insert into screening (screening_id, movie_id, theater_id, start_at, end_at, created_at, updated_at, deleted_at) values (239, 5, 2, '2025-04-06 04:53:22', '2025-04-06 06:53:22', '2025-03-26 01:56:43', null, null);
insert into screening (screening_id, movie_id, theater_id, start_at, end_at, created_at, updated_at, deleted_at) values (240, 27, 3, '2025-04-09 16:31:11', '2025-04-09 18:31:11', '2025-03-20 06:56:41', null, null);
insert into screening (screening_id, movie_id, theater_id, start_at, end_at, created_at, updated_at, deleted_at) values (241, 11, 7, '2025-04-10 00:46:42', '2025-04-10 02:46:42', '2025-03-21 18:27:44', null, null);
insert into screening (screening_id, movie_id, theater_id, start_at, end_at, created_at, updated_at, deleted_at) values (242, 4, 8, '2025-04-24 15:19:16', '2025-04-24 17:19:16', '2025-03-16 20:45:18', null, null);
insert into screening (screening_id, movie_id, theater_id, start_at, end_at, created_at, updated_at, deleted_at) values (243, 8, 10, '2025-04-23 12:40:30', '2025-04-23 14:40:30', '2025-03-02 01:40:56', null, null);
insert into screening (screening_id, movie_id, theater_id, start_at, end_at, created_at, updated_at, deleted_at) values (244, 41, 6, '2025-04-21 03:56:13', '2025-04-21 05:56:13', '2025-03-02 08:39:05', null, null);
insert into screening (screening_id, movie_id, theater_id, start_at, end_at, created_at, updated_at, deleted_at) values (245, 31, 9, '2025-04-07 18:32:40', '2025-04-07 20:32:40', '2025-03-04 07:29:15', null, null);
insert into screening (screening_id, movie_id, theater_id, start_at, end_at, created_at, updated_at, deleted_at) values (246, 26, 4, '2025-04-20 15:36:38', '2025-04-20 17:36:38', '2025-03-13 05:43:06', null, null);
insert into screening (screening_id, movie_id, theater_id, start_at, end_at, created_at, updated_at, deleted_at) values (247, 7, 8, '2025-04-17 11:43:09', '2025-04-17 13:43:09', '2025-03-04 12:58:37', null, null);
insert into screening (screening_id, movie_id, theater_id, start_at, end_at, created_at, updated_at, deleted_at) values (248, 39, 7, '2025-04-11 10:03:22', '2025-04-11 12:03:22', '2025-03-21 17:51:19', null, null);
insert into screening (screening_id, movie_id, theater_id, start_at, end_at, created_at, updated_at, deleted_at) values (249, 32, 4, '2025-04-09 19:32:45', '2025-04-09 21:32:45', '2025-03-29 23:13:42', null, null);
insert into screening (screening_id, movie_id, theater_id, start_at, end_at, created_at, updated_at, deleted_at) values (250, 16, 7, '2025-04-19 06:48:35', '2025-04-19 08:48:35', '2025-03-09 06:36:18', null, null);
insert into screening (screening_id, movie_id, theater_id, start_at, end_at, created_at, updated_at, deleted_at) values (251, 29, 9, '2025-04-26 06:41:12', '2025-04-26 08:41:12', '2025-03-11 01:52:45', null, null);
insert into screening (screening_id, movie_id, theater_id, start_at, end_at, created_at, updated_at, deleted_at) values (252, 49, 8, '2025-04-15 14:25:51', '2025-04-15 16:25:51', '2025-03-09 01:24:03', null, null);
insert into screening (screening_id, movie_id, theater_id, start_at, end_at, created_at, updated_at, deleted_at) values (253, 10, 8, '2025-04-03 05:34:24', '2025-04-03 07:34:24', '2025-03-23 21:42:28', null, null);
insert into screening (screening_id, movie_id, theater_id, start_at, end_at, created_at, updated_at, deleted_at) values (254, 6, 2, '2025-04-22 12:15:20', '2025-04-22 14:15:20', '2025-03-23 03:15:22', null, null);
insert into screening (screening_id, movie_id, theater_id, start_at, end_at, created_at, updated_at, deleted_at) values (255, 50, 3, '2025-04-10 23:17:16', '2025-04-11 01:17:16', '2025-03-19 11:11:45', null, null);
insert into screening (screening_id, movie_id, theater_id, start_at, end_at, created_at, updated_at, deleted_at) values (256, 10, 9, '2025-04-09 03:45:19', '2025-04-09 05:45:19', '2025-03-08 00:47:31', null, null);
insert into screening (screening_id, movie_id, theater_id, start_at, end_at, created_at, updated_at, deleted_at) values (257, 12, 8, '2025-04-28 09:43:49', '2025-04-28 11:43:49', '2025-03-08 06:37:35', null, null);
insert into screening (screening_id, movie_id, theater_id, start_at, end_at, created_at, updated_at, deleted_at) values (258, 32, 7, '2025-04-01 19:48:37', '2025-04-01 21:48:37', '2025-03-11 02:07:44', null, null);
insert into screening (screening_id, movie_id, theater_id, start_at, end_at, created_at, updated_at, deleted_at) values (259, 6, 10, '2025-04-22 09:58:16', '2025-04-22 11:58:16', '2025-03-04 21:07:26', null, null);
insert into screening (screening_id, movie_id, theater_id, start_at, end_at, created_at, updated_at, deleted_at) values (260, 18, 3, '2025-04-21 14:48:57', '2025-04-21 16:48:57', '2025-03-11 03:47:36', null, null);
insert into screening (screening_id, movie_id, theater_id, start_at, end_at, created_at, updated_at, deleted_at) values (261, 20, 1, '2025-04-01 00:36:58', '2025-04-01 02:36:58', '2025-03-04 21:27:48', null, null);
insert into screening (screening_id, movie_id, theater_id, start_at, end_at, created_at, updated_at, deleted_at) values (262, 45, 1, '2025-04-18 06:48:56', '2025-04-18 08:48:56', '2025-03-21 00:49:34', null, null);
insert into screening (screening_id, movie_id, theater_id, start_at, end_at, created_at, updated_at, deleted_at) values (263, 47, 6, '2025-04-20 10:45:06', '2025-04-20 12:45:06', '2025-03-23 20:10:01', null, null);
insert into screening (screening_id, movie_id, theater_id, start_at, end_at, created_at, updated_at, deleted_at) values (264, 43, 4, '2025-04-24 12:39:19', '2025-04-24 14:39:19', '2025-03-19 01:28:17', null, null);
insert into screening (screening_id, movie_id, theater_id, start_at, end_at, created_at, updated_at, deleted_at) values (265, 8, 1, '2025-04-10 22:50:43', '2025-04-11 00:50:43', '2025-03-24 21:39:23', null, null);
insert into screening (screening_id, movie_id, theater_id, start_at, end_at, created_at, updated_at, deleted_at) values (266, 10, 8, '2025-04-11 03:37:31', '2025-04-11 05:37:31', '2025-03-30 03:01:46', null, null);
insert into screening (screening_id, movie_id, theater_id, start_at, end_at, created_at, updated_at, deleted_at) values (267, 12, 3, '2025-04-26 05:11:30', '2025-04-26 07:11:30', '2025-03-14 00:37:36', null, null);
insert into screening (screening_id, movie_id, theater_id, start_at, end_at, created_at, updated_at, deleted_at) values (268, 40, 4, '2025-04-05 04:56:20', '2025-04-05 06:56:20', '2025-03-17 13:09:35', null, null);
insert into screening (screening_id, movie_id, theater_id, start_at, end_at, created_at, updated_at, deleted_at) values (269, 50, 3, '2025-04-22 16:11:05', '2025-04-22 18:11:05', '2025-03-20 05:05:05', null, null);
insert into screening (screening_id, movie_id, theater_id, start_at, end_at, created_at, updated_at, deleted_at) values (270, 4, 5, '2025-04-13 15:21:07', '2025-04-13 17:21:07', '2025-03-16 12:31:14', null, null);
insert into screening (screening_id, movie_id, theater_id, start_at, end_at, created_at, updated_at, deleted_at) values (271, 27, 9, '2025-04-08 08:31:06', '2025-04-08 10:31:06', '2025-03-23 11:50:18', null, null);
insert into screening (screening_id, movie_id, theater_id, start_at, end_at, created_at, updated_at, deleted_at) values (272, 50, 5, '2025-04-08 07:55:42', '2025-04-08 09:55:42', '2025-03-17 10:08:57', null, null);
insert into screening (screening_id, movie_id, theater_id, start_at, end_at, created_at, updated_at, deleted_at) values (273, 34, 6, '2025-04-21 09:00:18', '2025-04-21 11:00:18', '2025-03-16 02:54:40', null, null);
insert into screening (screening_id, movie_id, theater_id, start_at, end_at, created_at, updated_at, deleted_at) values (274, 48, 3, '2025-04-05 11:31:37', '2025-04-05 13:31:37', '2025-03-13 02:48:35', null, null);
insert into screening (screening_id, movie_id, theater_id, start_at, end_at, created_at, updated_at, deleted_at) values (275, 29, 5, '2025-04-25 06:23:59', '2025-04-25 08:23:59', '2025-03-29 06:34:49', null, null);
insert into screening (screening_id, movie_id, theater_id, start_at, end_at, created_at, updated_at, deleted_at) values (276, 39, 5, '2025-04-25 00:14:03', '2025-04-25 02:14:03', '2025-03-24 02:28:57', null, null);
insert into screening (screening_id, movie_id, theater_id, start_at, end_at, created_at, updated_at, deleted_at) values (277, 9, 2, '2025-04-19 12:23:00', '2025-04-19 14:23:00', '2025-03-06 00:25:06', null, null);
insert into screening (screening_id, movie_id, theater_id, start_at, end_at, created_at, updated_at, deleted_at) values (278, 45, 8, '2025-04-10 04:34:36', '2025-04-10 06:34:36', '2025-03-13 03:37:15', null, null);
insert into screening (screening_id, movie_id, theater_id, start_at, end_at, created_at, updated_at, deleted_at) values (279, 28, 6, '2025-04-10 17:24:27', '2025-04-10 19:24:27', '2025-03-17 05:43:08', null, null);
insert into screening (screening_id, movie_id, theater_id, start_at, end_at, created_at, updated_at, deleted_at) values (280, 3, 3, '2025-04-25 21:46:43', '2025-04-25 23:46:43', '2025-03-20 09:35:06', null, null);
insert into screening (screening_id, movie_id, theater_id, start_at, end_at, created_at, updated_at, deleted_at) values (281, 49, 6, '2025-04-23 18:07:11', '2025-04-23 20:07:11', '2025-03-11 14:56:55', null, null);
insert into screening (screening_id, movie_id, theater_id, start_at, end_at, created_at, updated_at, deleted_at) values (282, 15, 3, '2025-04-14 05:57:31', '2025-04-14 07:57:31', '2025-03-13 00:29:38', null, null);
insert into screening (screening_id, movie_id, theater_id, start_at, end_at, created_at, updated_at, deleted_at) values (283, 10, 8, '2025-04-05 16:44:07', '2025-04-05 18:44:07', '2025-03-11 13:20:58', null, null);
insert into screening (screening_id, movie_id, theater_id, start_at, end_at, created_at, updated_at, deleted_at) values (284, 49, 8, '2025-04-17 10:32:02', '2025-04-17 12:32:02', '2025-03-29 08:30:28', null, null);
insert into screening (screening_id, movie_id, theater_id, start_at, end_at, created_at, updated_at, deleted_at) values (285, 9, 10, '2025-04-17 15:48:19', '2025-04-17 17:48:19', '2025-03-30 09:28:23', null, null);
insert into screening (screening_id, movie_id, theater_id, start_at, end_at, created_at, updated_at, deleted_at) values (286, 43, 1, '2025-04-05 12:53:10', '2025-04-05 14:53:10', '2025-03-17 05:09:51', null, null);
insert into screening (screening_id, movie_id, theater_id, start_at, end_at, created_at, updated_at, deleted_at) values (287, 1, 6, '2025-04-05 01:38:18', '2025-04-05 03:38:18', '2025-03-04 19:42:42', null, null);
insert into screening (screening_id, movie_id, theater_id, start_at, end_at, created_at, updated_at, deleted_at) values (288, 43, 8, '2025-04-26 21:32:13', '2025-04-26 23:32:13', '2025-03-16 06:32:35', null, null);
insert into screening (screening_id, movie_id, theater_id, start_at, end_at, created_at, updated_at, deleted_at) values (289, 37, 3, '2025-04-06 18:08:46', '2025-04-06 20:08:46', '2025-03-17 07:29:57', null, null);
insert into screening (screening_id, movie_id, theater_id, start_at, end_at, created_at, updated_at, deleted_at) values (290, 20, 8, '2025-04-17 18:02:31', '2025-04-17 20:02:31', '2025-03-18 22:05:25', null, null);
insert into screening (screening_id, movie_id, theater_id, start_at, end_at, created_at, updated_at, deleted_at) values (291, 39, 6, '2025-04-18 05:44:53', '2025-04-18 07:44:53', '2025-03-23 22:15:30', null, null);
insert into screening (screening_id, movie_id, theater_id, start_at, end_at, created_at, updated_at, deleted_at) values (292, 8, 8, '2025-04-27 18:29:31', '2025-04-27 20:29:31', '2025-03-26 14:46:38', null, null);
insert into screening (screening_id, movie_id, theater_id, start_at, end_at, created_at, updated_at, deleted_at) values (293, 12, 6, '2025-04-16 19:51:21', '2025-04-16 21:51:21', '2025-03-08 23:09:42', null, null);
insert into screening (screening_id, movie_id, theater_id, start_at, end_at, created_at, updated_at, deleted_at) values (294, 21, 1, '2025-04-03 14:33:51', '2025-04-03 16:33:51', '2025-03-24 00:37:39', null, null);
insert into screening (screening_id, movie_id, theater_id, start_at, end_at, created_at, updated_at, deleted_at) values (295, 39, 1, '2025-04-29 03:51:10', '2025-04-29 05:51:10', '2025-03-24 04:42:32', null, null);
insert into screening (screening_id, movie_id, theater_id, start_at, end_at, created_at, updated_at, deleted_at) values (296, 46, 8, '2025-04-17 22:32:44', '2025-04-18 00:32:44', '2025-03-16 14:48:28', null, null);
insert into screening (screening_id, movie_id, theater_id, start_at, end_at, created_at, updated_at, deleted_at) values (297, 1, 1, '2025-04-21 08:23:26', '2025-04-21 10:23:26', '2025-03-28 14:42:43', null, null);
insert into screening (screening_id, movie_id, theater_id, start_at, end_at, created_at, updated_at, deleted_at) values (298, 3, 3, '2025-04-15 11:53:25', '2025-04-15 13:53:25', '2025-03-07 23:49:09', null, null);
insert into screening (screening_id, movie_id, theater_id, start_at, end_at, created_at, updated_at, deleted_at) values (299, 38, 10, '2025-04-26 10:27:37', '2025-04-26 12:27:37', '2025-03-16 04:29:02', null, null);
insert into screening (screening_id, movie_id, theater_id, start_at, end_at, created_at, updated_at, deleted_at) values (300, 47, 7, '2025-04-20 00:07:16', '2025-04-20 02:07:16', '2025-03-20 03:02:26', null, null);
insert into screening (screening_id, movie_id, theater_id, start_at, end_at, created_at, updated_at, deleted_at) values (301, 11, 2, '2025-04-11 18:11:56', '2025-04-11 20:11:56', '2025-03-17 06:29:31', null, null);
insert into screening (screening_id, movie_id, theater_id, start_at, end_at, created_at, updated_at, deleted_at) values (302, 31, 3, '2025-04-07 12:06:08', '2025-04-07 14:06:08', '2025-03-30 09:30:32', null, null);
insert into screening (screening_id, movie_id, theater_id, start_at, end_at, created_at, updated_at, deleted_at) values (303, 50, 8, '2025-04-24 02:18:24', '2025-04-24 04:18:24', '2025-03-21 04:36:57', null, null);
insert into screening (screening_id, movie_id, theater_id, start_at, end_at, created_at, updated_at, deleted_at) values (304, 10, 2, '2025-04-25 14:02:50', '2025-04-25 16:02:50', '2025-03-16 14:39:43', null, null);
insert into screening (screening_id, movie_id, theater_id, start_at, end_at, created_at, updated_at, deleted_at) values (305, 3, 3, '2025-04-27 20:08:25', '2025-04-27 22:08:25', '2025-03-05 18:20:15', null, null);
insert into screening (screening_id, movie_id, theater_id, start_at, end_at, created_at, updated_at, deleted_at) values (306, 9, 8, '2025-04-11 16:08:28', '2025-04-11 18:08:28', '2025-03-07 01:23:38', null, null);
insert into screening (screening_id, movie_id, theater_id, start_at, end_at, created_at, updated_at, deleted_at) values (307, 3, 9, '2025-04-08 22:18:26', '2025-04-09 00:18:26', '2025-03-30 19:26:13', null, null);
insert into screening (screening_id, movie_id, theater_id, start_at, end_at, created_at, updated_at, deleted_at) values (308, 37, 7, '2025-04-24 15:28:38', '2025-04-24 17:28:38', '2025-03-11 15:23:24', null, null);
insert into screening (screening_id, movie_id, theater_id, start_at, end_at, created_at, updated_at, deleted_at) values (309, 50, 10, '2025-04-04 00:40:03', '2025-04-04 02:40:03', '2025-03-05 21:10:45', null, null);
insert into screening (screening_id, movie_id, theater_id, start_at, end_at, created_at, updated_at, deleted_at) values (310, 40, 9, '2025-04-06 20:23:34', '2025-04-06 22:23:34', '2025-03-19 12:29:08', null, null);
insert into screening (screening_id, movie_id, theater_id, start_at, end_at, created_at, updated_at, deleted_at) values (311, 31, 6, '2025-04-01 23:24:24', '2025-04-02 01:24:24', '2025-03-10 05:26:32', null, null);
insert into screening (screening_id, movie_id, theater_id, start_at, end_at, created_at, updated_at, deleted_at) values (312, 6, 4, '2025-04-11 07:29:55', '2025-04-11 09:29:55', '2025-03-11 12:22:07', null, null);
insert into screening (screening_id, movie_id, theater_id, start_at, end_at, created_at, updated_at, deleted_at) values (313, 19, 1, '2025-04-28 08:44:39', '2025-04-28 10:44:39', '2025-03-06 03:18:28', null, null);
insert into screening (screening_id, movie_id, theater_id, start_at, end_at, created_at, updated_at, deleted_at) values (314, 35, 6, '2025-04-14 05:30:01', '2025-04-14 07:30:01', '2025-03-19 15:08:49', null, null);
insert into screening (screening_id, movie_id, theater_id, start_at, end_at, created_at, updated_at, deleted_at) values (315, 28, 6, '2025-04-06 06:04:40', '2025-04-06 08:04:40', '2025-03-28 19:53:46', null, null);
insert into screening (screening_id, movie_id, theater_id, start_at, end_at, created_at, updated_at, deleted_at) values (316, 44, 4, '2025-04-13 22:54:19', '2025-04-14 00:54:19', '2025-03-22 03:54:41', null, null);
insert into screening (screening_id, movie_id, theater_id, start_at, end_at, created_at, updated_at, deleted_at) values (317, 47, 6, '2025-04-24 20:45:48', '2025-04-24 22:45:48', '2025-03-12 04:46:30', null, null);
insert into screening (screening_id, movie_id, theater_id, start_at, end_at, created_at, updated_at, deleted_at) values (318, 6, 3, '2025-04-10 19:09:07', '2025-04-10 21:09:07', '2025-03-15 22:15:47', null, null);
insert into screening (screening_id, movie_id, theater_id, start_at, end_at, created_at, updated_at, deleted_at) values (319, 30, 1, '2025-04-29 20:46:38', '2025-04-29 22:46:38', '2025-03-15 15:55:11', null, null);
insert into screening (screening_id, movie_id, theater_id, start_at, end_at, created_at, updated_at, deleted_at) values (320, 22, 1, '2025-04-11 18:38:13', '2025-04-11 20:38:13', '2025-03-24 21:22:22', null, null);
insert into screening (screening_id, movie_id, theater_id, start_at, end_at, created_at, updated_at, deleted_at) values (321, 42, 8, '2025-04-27 10:08:47', '2025-04-27 12:08:47', '2025-03-18 17:52:57', null, null);
insert into screening (screening_id, movie_id, theater_id, start_at, end_at, created_at, updated_at, deleted_at) values (322, 33, 4, '2025-04-17 15:44:57', '2025-04-17 17:44:57', '2025-03-15 20:59:32', null, null);
insert into screening (screening_id, movie_id, theater_id, start_at, end_at, created_at, updated_at, deleted_at) values (323, 14, 7, '2025-04-04 19:08:18', '2025-04-04 21:08:18', '2025-03-04 11:14:02', null, null);
insert into screening (screening_id, movie_id, theater_id, start_at, end_at, created_at, updated_at, deleted_at) values (324, 16, 1, '2025-04-10 05:10:24', '2025-04-10 07:10:24', '2025-03-21 05:11:24', null, null);
insert into screening (screening_id, movie_id, theater_id, start_at, end_at, created_at, updated_at, deleted_at) values (325, 48, 8, '2025-04-28 20:19:32', '2025-04-28 22:19:32', '2025-03-10 18:03:47', null, null);
insert into screening (screening_id, movie_id, theater_id, start_at, end_at, created_at, updated_at, deleted_at) values (326, 10, 3, '2025-04-24 08:39:11', '2025-04-24 10:39:11', '2025-03-11 02:39:26', null, null);
insert into screening (screening_id, movie_id, theater_id, start_at, end_at, created_at, updated_at, deleted_at) values (327, 10, 2, '2025-04-24 17:57:55', '2025-04-24 19:57:55', '2025-03-28 05:23:02', null, null);
insert into screening (screening_id, movie_id, theater_id, start_at, end_at, created_at, updated_at, deleted_at) values (328, 49, 8, '2025-04-02 14:16:52', '2025-04-02 16:16:52', '2025-03-02 14:29:22', null, null);
insert into screening (screening_id, movie_id, theater_id, start_at, end_at, created_at, updated_at, deleted_at) values (329, 22, 1, '2025-04-07 00:53:04', '2025-04-07 02:53:04', '2025-03-01 23:15:52', null, null);
insert into screening (screening_id, movie_id, theater_id, start_at, end_at, created_at, updated_at, deleted_at) values (330, 18, 2, '2025-04-04 15:52:11', '2025-04-04 17:52:11', '2025-03-27 02:24:27', null, null);
insert into screening (screening_id, movie_id, theater_id, start_at, end_at, created_at, updated_at, deleted_at) values (331, 22, 2, '2025-04-15 02:59:18', '2025-04-15 04:59:18', '2025-03-13 07:52:29', null, null);
insert into screening (screening_id, movie_id, theater_id, start_at, end_at, created_at, updated_at, deleted_at) values (332, 8, 10, '2025-04-24 21:02:56', '2025-04-24 23:02:56', '2025-03-21 23:28:54', null, null);
insert into screening (screening_id, movie_id, theater_id, start_at, end_at, created_at, updated_at, deleted_at) values (333, 4, 3, '2025-04-01 17:26:37', '2025-04-01 19:26:37', '2025-03-08 06:36:12', null, null);
insert into screening (screening_id, movie_id, theater_id, start_at, end_at, created_at, updated_at, deleted_at) values (334, 23, 1, '2025-04-21 08:51:29', '2025-04-21 10:51:29', '2025-03-29 11:37:23', null, null);
insert into screening (screening_id, movie_id, theater_id, start_at, end_at, created_at, updated_at, deleted_at) values (335, 16, 5, '2025-04-13 13:18:08', '2025-04-13 15:18:08', '2025-03-18 14:42:40', null, null);
insert into screening (screening_id, movie_id, theater_id, start_at, end_at, created_at, updated_at, deleted_at) values (336, 10, 10, '2025-04-29 04:22:18', '2025-04-29 06:22:18', '2025-03-29 19:48:33', null, null);
insert into screening (screening_id, movie_id, theater_id, start_at, end_at, created_at, updated_at, deleted_at) values (337, 3, 8, '2025-04-25 14:21:54', '2025-04-25 16:21:54', '2025-03-27 23:07:47', null, null);
insert into screening (screening_id, movie_id, theater_id, start_at, end_at, created_at, updated_at, deleted_at) values (338, 50, 3, '2025-04-27 00:55:31', '2025-04-27 02:55:31', '2025-03-12 15:00:10', null, null);
insert into screening (screening_id, movie_id, theater_id, start_at, end_at, created_at, updated_at, deleted_at) values (339, 10, 3, '2025-04-20 14:27:55', '2025-04-20 16:27:55', '2025-03-17 22:46:57', null, null);
insert into screening (screening_id, movie_id, theater_id, start_at, end_at, created_at, updated_at, deleted_at) values (340, 48, 1, '2025-04-09 03:39:22', '2025-04-09 05:39:22', '2025-03-14 15:26:45', null, null);
insert into screening (screening_id, movie_id, theater_id, start_at, end_at, created_at, updated_at, deleted_at) values (341, 37, 9, '2025-04-12 03:28:09', '2025-04-12 05:28:09', '2025-03-03 07:37:19', null, null);
insert into screening (screening_id, movie_id, theater_id, start_at, end_at, created_at, updated_at, deleted_at) values (342, 29, 7, '2025-04-02 09:58:53', '2025-04-02 11:58:53', '2025-03-19 08:40:25', null, null);
insert into screening (screening_id, movie_id, theater_id, start_at, end_at, created_at, updated_at, deleted_at) values (343, 11, 2, '2025-04-20 16:36:00', '2025-04-20 18:36:00', '2025-03-01 00:47:43', null, null);
insert into screening (screening_id, movie_id, theater_id, start_at, end_at, created_at, updated_at, deleted_at) values (344, 29, 4, '2025-04-17 04:24:28', '2025-04-17 06:24:28', '2025-03-16 01:32:04', null, null);
insert into screening (screening_id, movie_id, theater_id, start_at, end_at, created_at, updated_at, deleted_at) values (345, 26, 2, '2025-04-16 21:28:56', '2025-04-16 23:28:56', '2025-03-26 19:22:09', null, null);
insert into screening (screening_id, movie_id, theater_id, start_at, end_at, created_at, updated_at, deleted_at) values (346, 34, 8, '2025-04-23 22:37:21', '2025-04-24 00:37:21', '2025-03-26 00:43:37', null, null);
insert into screening (screening_id, movie_id, theater_id, start_at, end_at, created_at, updated_at, deleted_at) values (347, 50, 10, '2025-04-15 10:10:14', '2025-04-15 12:10:14', '2025-03-08 05:24:15', null, null);
insert into screening (screening_id, movie_id, theater_id, start_at, end_at, created_at, updated_at, deleted_at) values (348, 34, 9, '2025-04-16 00:10:21', '2025-04-16 02:10:21', '2025-03-19 10:25:36', null, null);
insert into screening (screening_id, movie_id, theater_id, start_at, end_at, created_at, updated_at, deleted_at) values (349, 39, 8, '2025-04-14 11:36:22', '2025-04-14 13:36:22', '2025-03-30 16:41:23', null, null);
insert into screening (screening_id, movie_id, theater_id, start_at, end_at, created_at, updated_at, deleted_at) values (350, 21, 6, '2025-04-29 14:00:44', '2025-04-29 16:00:44', '2025-03-18 08:49:58', null, null);
insert into screening (screening_id, movie_id, theater_id, start_at, end_at, created_at, updated_at, deleted_at) values (351, 2, 9, '2025-04-28 17:11:04', '2025-04-28 19:11:04', '2025-03-29 12:49:39', null, null);
insert into screening (screening_id, movie_id, theater_id, start_at, end_at, created_at, updated_at, deleted_at) values (352, 49, 5, '2025-04-25 10:17:28', '2025-04-25 12:17:28', '2025-03-18 17:45:27', null, '2025-03-13 06:41:35');
insert into screening (screening_id, movie_id, theater_id, start_at, end_at, created_at, updated_at, deleted_at) values (353, 17, 9, '2025-04-22 04:49:36', '2025-04-22 06:49:36', '2025-03-17 06:28:26', null, null);
insert into screening (screening_id, movie_id, theater_id, start_at, end_at, created_at, updated_at, deleted_at) values (354, 3, 6, '2025-04-18 13:15:18', '2025-04-18 15:15:18', '2025-03-15 07:48:37', null, null);
insert into screening (screening_id, movie_id, theater_id, start_at, end_at, created_at, updated_at, deleted_at) values (355, 41, 9, '2025-04-10 15:46:09', '2025-04-10 17:46:09', '2025-03-25 19:07:06', null, null);
insert into screening (screening_id, movie_id, theater_id, start_at, end_at, created_at, updated_at, deleted_at) values (356, 22, 9, '2025-04-07 07:46:04', '2025-04-07 09:46:04', '2025-03-15 01:23:02', null, null);
insert into screening (screening_id, movie_id, theater_id, start_at, end_at, created_at, updated_at, deleted_at) values (357, 45, 1, '2025-04-21 13:16:37', '2025-04-21 15:16:37', '2025-03-17 16:09:53', null, null);
insert into screening (screening_id, movie_id, theater_id, start_at, end_at, created_at, updated_at, deleted_at) values (358, 47, 2, '2025-04-03 15:57:09', '2025-04-03 17:57:09', '2025-03-06 23:39:05', null, null);
insert into screening (screening_id, movie_id, theater_id, start_at, end_at, created_at, updated_at, deleted_at) values (359, 17, 9, '2025-04-06 23:41:08', '2025-04-07 01:41:08', '2025-03-27 20:35:04', null, null);
insert into screening (screening_id, movie_id, theater_id, start_at, end_at, created_at, updated_at, deleted_at) values (360, 41, 10, '2025-04-04 21:18:37', '2025-04-04 23:18:37', '2025-03-09 01:59:38', null, null);
insert into screening (screening_id, movie_id, theater_id, start_at, end_at, created_at, updated_at, deleted_at) values (361, 32, 4, '2025-04-26 04:49:26', '2025-04-26 06:49:26', '2025-03-28 21:02:13', null, null);
insert into screening (screening_id, movie_id, theater_id, start_at, end_at, created_at, updated_at, deleted_at) values (362, 11, 8, '2025-04-08 20:39:58', '2025-04-08 22:39:58', '2025-03-24 00:01:25', null, null);
insert into screening (screening_id, movie_id, theater_id, start_at, end_at, created_at, updated_at, deleted_at) values (363, 35, 8, '2025-04-08 16:50:15', '2025-04-08 18:50:15', '2025-03-17 18:16:52', null, null);
insert into screening (screening_id, movie_id, theater_id, start_at, end_at, created_at, updated_at, deleted_at) values (364, 21, 1, '2025-04-17 05:31:26', '2025-04-17 07:31:26', '2025-03-04 18:05:31', null, null);
insert into screening (screening_id, movie_id, theater_id, start_at, end_at, created_at, updated_at, deleted_at) values (365, 50, 4, '2025-04-06 00:48:32', '2025-04-06 02:48:32', '2025-03-07 13:06:38', null, null);
insert into screening (screening_id, movie_id, theater_id, start_at, end_at, created_at, updated_at, deleted_at) values (366, 20, 4, '2025-04-16 12:06:30', '2025-04-16 14:06:30', '2025-03-24 17:12:12', null, null);
insert into screening (screening_id, movie_id, theater_id, start_at, end_at, created_at, updated_at, deleted_at) values (367, 36, 1, '2025-04-28 21:21:12', '2025-04-28 23:21:12', '2025-03-03 23:01:54', null, null);
insert into screening (screening_id, movie_id, theater_id, start_at, end_at, created_at, updated_at, deleted_at) values (368, 13, 1, '2025-04-07 23:06:21', '2025-04-08 01:06:21', '2025-03-29 05:24:30', null, null);
insert into screening (screening_id, movie_id, theater_id, start_at, end_at, created_at, updated_at, deleted_at) values (369, 46, 9, '2025-04-28 14:47:25', '2025-04-28 16:47:25', '2025-03-01 01:11:41', null, null);
insert into screening (screening_id, movie_id, theater_id, start_at, end_at, created_at, updated_at, deleted_at) values (370, 3, 6, '2025-04-24 21:13:15', '2025-04-24 23:13:15', '2025-03-24 09:29:56', null, null);
insert into screening (screening_id, movie_id, theater_id, start_at, end_at, created_at, updated_at, deleted_at) values (371, 27, 3, '2025-04-22 00:36:56', '2025-04-22 02:36:56', '2025-03-06 09:26:55', null, null);
insert into screening (screening_id, movie_id, theater_id, start_at, end_at, created_at, updated_at, deleted_at) values (372, 12, 2, '2025-04-12 13:58:04', '2025-04-12 15:58:04', '2025-03-03 06:41:22', null, null);
insert into screening (screening_id, movie_id, theater_id, start_at, end_at, created_at, updated_at, deleted_at) values (373, 31, 4, '2025-04-18 09:27:35', '2025-04-18 11:27:35', '2025-03-02 01:38:50', null, null);
insert into screening (screening_id, movie_id, theater_id, start_at, end_at, created_at, updated_at, deleted_at) values (374, 8, 7, '2025-04-23 05:59:08', '2025-04-23 07:59:08', '2025-03-28 23:01:54', null, null);
insert into screening (screening_id, movie_id, theater_id, start_at, end_at, created_at, updated_at, deleted_at) values (375, 3, 7, '2025-04-21 08:44:53', '2025-04-21 10:44:53', '2025-03-29 00:00:09', '2025-03-18 03:27:08', null);
insert into screening (screening_id, movie_id, theater_id, start_at, end_at, created_at, updated_at, deleted_at) values (376, 27, 5, '2025-04-11 06:56:16', '2025-04-11 08:56:16', '2025-03-10 12:07:30', null, null);
insert into screening (screening_id, movie_id, theater_id, start_at, end_at, created_at, updated_at, deleted_at) values (377, 37, 3, '2025-04-22 22:55:31', '2025-04-23 00:55:31', '2025-03-25 05:51:55', null, null);
insert into screening (screening_id, movie_id, theater_id, start_at, end_at, created_at, updated_at, deleted_at) values (378, 36, 9, '2025-04-28 08:13:54', '2025-04-28 10:13:54', '2025-03-25 14:57:19', null, null);
insert into screening (screening_id, movie_id, theater_id, start_at, end_at, created_at, updated_at, deleted_at) values (379, 11, 3, '2025-04-20 18:21:52', '2025-04-20 20:21:52', '2025-03-20 09:04:36', null, null);
insert into screening (screening_id, movie_id, theater_id, start_at, end_at, created_at, updated_at, deleted_at) values (380, 34, 4, '2025-04-03 06:27:15', '2025-04-03 08:27:15', '2025-03-24 15:06:05', null, null);
insert into screening (screening_id, movie_id, theater_id, start_at, end_at, created_at, updated_at, deleted_at) values (381, 45, 1, '2025-04-12 09:52:46', '2025-04-12 11:52:46', '2025-03-03 11:21:14', null, null);
insert into screening (screening_id, movie_id, theater_id, start_at, end_at, created_at, updated_at, deleted_at) values (382, 7, 9, '2025-04-22 02:09:01', '2025-04-22 04:09:01', '2025-03-08 09:39:50', null, null);
insert into screening (screening_id, movie_id, theater_id, start_at, end_at, created_at, updated_at, deleted_at) values (383, 8, 4, '2025-04-18 15:15:46', '2025-04-18 17:15:46', '2025-03-30 01:22:14', null, null);
insert into screening (screening_id, movie_id, theater_id, start_at, end_at, created_at, updated_at, deleted_at) values (384, 15, 2, '2025-04-20 12:44:45', '2025-04-20 14:44:45', '2025-03-19 18:21:54', null, null);
insert into screening (screening_id, movie_id, theater_id, start_at, end_at, created_at, updated_at, deleted_at) values (385, 47, 8, '2025-04-06 15:54:30', '2025-04-06 17:54:30', '2025-03-06 17:40:16', null, null);
insert into screening (screening_id, movie_id, theater_id, start_at, end_at, created_at, updated_at, deleted_at) values (386, 45, 8, '2025-04-16 23:19:33', '2025-04-17 01:19:33', '2025-03-12 18:53:20', null, null);
insert into screening (screening_id, movie_id, theater_id, start_at, end_at, created_at, updated_at, deleted_at) values (387, 21, 3, '2025-04-23 05:11:53', '2025-04-23 07:11:53', '2025-03-10 07:51:36', null, null);
insert into screening (screening_id, movie_id, theater_id, start_at, end_at, created_at, updated_at, deleted_at) values (388, 41, 2, '2025-04-01 15:12:23', '2025-04-01 17:12:23', '2025-03-15 00:34:29', null, null);
insert into screening (screening_id, movie_id, theater_id, start_at, end_at, created_at, updated_at, deleted_at) values (389, 20, 10, '2025-04-13 21:23:57', '2025-04-13 23:23:57', '2025-03-22 16:25:48', null, null);
insert into screening (screening_id, movie_id, theater_id, start_at, end_at, created_at, updated_at, deleted_at) values (390, 27, 2, '2025-04-06 08:01:50', '2025-04-06 10:01:50', '2025-03-15 01:19:28', null, null);
insert into screening (screening_id, movie_id, theater_id, start_at, end_at, created_at, updated_at, deleted_at) values (391, 38, 5, '2025-04-16 10:15:11', '2025-04-16 12:15:11', '2025-03-25 12:49:43', null, null);
insert into screening (screening_id, movie_id, theater_id, start_at, end_at, created_at, updated_at, deleted_at) values (392, 1, 8, '2025-04-23 08:26:30', '2025-04-23 10:26:30', '2025-03-30 14:22:13', null, null);
insert into screening (screening_id, movie_id, theater_id, start_at, end_at, created_at, updated_at, deleted_at) values (393, 27, 9, '2025-04-11 01:10:43', '2025-04-11 03:10:43', '2025-03-16 13:02:12', null, null);
insert into screening (screening_id, movie_id, theater_id, start_at, end_at, created_at, updated_at, deleted_at) values (394, 18, 1, '2025-04-20 13:25:48', '2025-04-20 15:25:48', '2025-03-19 14:03:59', null, null);
insert into screening (screening_id, movie_id, theater_id, start_at, end_at, created_at, updated_at, deleted_at) values (395, 37, 5, '2025-04-19 18:21:19', '2025-04-19 20:21:19', '2025-03-17 22:24:39', null, null);
insert into screening (screening_id, movie_id, theater_id, start_at, end_at, created_at, updated_at, deleted_at) values (396, 45, 2, '2025-04-16 14:44:42', '2025-04-16 16:44:42', '2025-03-27 03:28:42', null, null);
insert into screening (screening_id, movie_id, theater_id, start_at, end_at, created_at, updated_at, deleted_at) values (397, 9, 5, '2025-04-18 12:29:40', '2025-04-18 14:29:40', '2025-03-27 05:31:29', null, null);
insert into screening (screening_id, movie_id, theater_id, start_at, end_at, created_at, updated_at, deleted_at) values (398, 19, 5, '2025-04-24 04:28:18', '2025-04-24 06:28:18', '2025-03-22 20:17:01', null, null);
insert into screening (screening_id, movie_id, theater_id, start_at, end_at, created_at, updated_at, deleted_at) values (399, 28, 3, '2025-04-16 08:27:14', '2025-04-16 10:27:14', '2025-03-01 01:29:30', null, null);
insert into screening (screening_id, movie_id, theater_id, start_at, end_at, created_at, updated_at, deleted_at) values (400, 17, 3, '2025-04-02 10:32:37', '2025-04-02 12:32:37', '2025-03-14 07:04:38', null, null);
insert into screening (screening_id, movie_id, theater_id, start_at, end_at, created_at, updated_at, deleted_at) values (401, 1, 5, '2025-04-12 18:26:25', '2025-04-12 20:26:25', '2025-03-04 11:06:10', null, null);
insert into screening (screening_id, movie_id, theater_id, start_at, end_at, created_at, updated_at, deleted_at) values (402, 11, 5, '2025-04-16 01:42:53', '2025-04-16 03:42:53', '2025-03-01 13:57:26', null, null);
insert into screening (screening_id, movie_id, theater_id, start_at, end_at, created_at, updated_at, deleted_at) values (403, 10, 5, '2025-04-19 07:19:58', '2025-04-19 09:19:58', '2025-03-25 23:52:28', null, null);
insert into screening (screening_id, movie_id, theater_id, start_at, end_at, created_at, updated_at, deleted_at) values (404, 7, 7, '2025-04-14 18:58:39', '2025-04-14 20:58:39', '2025-03-10 17:07:03', null, null);
insert into screening (screening_id, movie_id, theater_id, start_at, end_at, created_at, updated_at, deleted_at) values (405, 6, 6, '2025-04-23 15:22:00', '2025-04-23 17:22:00', '2025-03-21 09:19:56', null, null);
insert into screening (screening_id, movie_id, theater_id, start_at, end_at, created_at, updated_at, deleted_at) values (406, 1, 9, '2025-04-29 09:58:26', '2025-04-29 11:58:26', '2025-03-08 23:17:26', null, null);
insert into screening (screening_id, movie_id, theater_id, start_at, end_at, created_at, updated_at, deleted_at) values (407, 48, 7, '2025-04-25 01:43:13', '2025-04-25 03:43:13', '2025-03-01 18:14:30', null, null);
insert into screening (screening_id, movie_id, theater_id, start_at, end_at, created_at, updated_at, deleted_at) values (408, 48, 2, '2025-04-10 17:30:47', '2025-04-10 19:30:47', '2025-03-07 09:24:25', null, null);
insert into screening (screening_id, movie_id, theater_id, start_at, end_at, created_at, updated_at, deleted_at) values (409, 7, 8, '2025-04-05 05:35:48', '2025-04-05 07:35:48', '2025-03-28 11:29:45', null, null);
insert into screening (screening_id, movie_id, theater_id, start_at, end_at, created_at, updated_at, deleted_at) values (410, 9, 10, '2025-04-17 07:56:20', '2025-04-17 09:56:20', '2025-03-26 20:47:07', null, null);
insert into screening (screening_id, movie_id, theater_id, start_at, end_at, created_at, updated_at, deleted_at) values (411, 31, 9, '2025-04-18 20:23:19', '2025-04-18 22:23:19', '2025-03-28 22:24:39', null, null);
insert into screening (screening_id, movie_id, theater_id, start_at, end_at, created_at, updated_at, deleted_at) values (412, 47, 8, '2025-04-01 05:36:35', '2025-04-01 07:36:35', '2025-03-25 18:21:45', null, null);
insert into screening (screening_id, movie_id, theater_id, start_at, end_at, created_at, updated_at, deleted_at) values (413, 24, 9, '2025-04-14 03:43:08', '2025-04-14 05:43:08', '2025-03-20 00:16:43', null, null);
insert into screening (screening_id, movie_id, theater_id, start_at, end_at, created_at, updated_at, deleted_at) values (414, 10, 8, '2025-04-04 12:36:03', '2025-04-04 14:36:03', '2025-03-29 01:38:44', null, null);
insert into screening (screening_id, movie_id, theater_id, start_at, end_at, created_at, updated_at, deleted_at) values (415, 13, 2, '2025-04-26 13:56:21', '2025-04-26 15:56:21', '2025-03-25 15:49:42', null, null);
insert into screening (screening_id, movie_id, theater_id, start_at, end_at, created_at, updated_at, deleted_at) values (416, 3, 2, '2025-04-04 05:32:43', '2025-04-04 07:32:43', '2025-03-02 06:55:35', null, null);
insert into screening (screening_id, movie_id, theater_id, start_at, end_at, created_at, updated_at, deleted_at) values (417, 15, 4, '2025-04-22 11:34:51', '2025-04-22 13:34:51', '2025-03-30 03:13:12', null, null);
insert into screening (screening_id, movie_id, theater_id, start_at, end_at, created_at, updated_at, deleted_at) values (418, 29, 2, '2025-04-26 04:04:09', '2025-04-26 06:04:09', '2025-03-21 04:39:38', null, null);
insert into screening (screening_id, movie_id, theater_id, start_at, end_at, created_at, updated_at, deleted_at) values (419, 47, 1, '2025-04-20 05:39:41', '2025-04-20 07:39:41', '2025-03-20 01:08:53', null, null);
insert into screening (screening_id, movie_id, theater_id, start_at, end_at, created_at, updated_at, deleted_at) values (420, 39, 8, '2025-04-01 04:05:26', '2025-04-01 06:05:26', '2025-03-08 15:50:41', null, null);
insert into screening (screening_id, movie_id, theater_id, start_at, end_at, created_at, updated_at, deleted_at) values (421, 31, 10, '2025-04-08 01:34:35', '2025-04-08 03:34:35', '2025-03-03 12:54:26', null, null);
insert into screening (screening_id, movie_id, theater_id, start_at, end_at, created_at, updated_at, deleted_at) values (422, 22, 8, '2025-04-27 17:53:52', '2025-04-27 19:53:52', '2025-03-27 11:09:37', null, null);
insert into screening (screening_id, movie_id, theater_id, start_at, end_at, created_at, updated_at, deleted_at) values (423, 16, 1, '2025-04-15 08:35:30', '2025-04-15 10:35:30', '2025-03-18 10:54:15', null, null);
insert into screening (screening_id, movie_id, theater_id, start_at, end_at, created_at, updated_at, deleted_at) values (424, 31, 3, '2025-04-06 09:53:16', '2025-04-06 11:53:16', '2025-03-13 17:26:50', null, null);
insert into screening (screening_id, movie_id, theater_id, start_at, end_at, created_at, updated_at, deleted_at) values (425, 4, 3, '2025-04-21 02:05:30', '2025-04-21 04:05:30', '2025-03-27 23:52:38', null, null);
insert into screening (screening_id, movie_id, theater_id, start_at, end_at, created_at, updated_at, deleted_at) values (426, 41, 10, '2025-04-09 13:15:34', '2025-04-09 15:15:34', '2025-03-23 08:56:05', null, null);
insert into screening (screening_id, movie_id, theater_id, start_at, end_at, created_at, updated_at, deleted_at) values (427, 34, 2, '2025-04-07 14:50:31', '2025-04-07 16:50:31', '2025-03-06 03:34:30', null, null);
insert into screening (screening_id, movie_id, theater_id, start_at, end_at, created_at, updated_at, deleted_at) values (428, 16, 1, '2025-04-15 15:19:49', '2025-04-15 17:19:49', '2025-03-10 20:11:54', null, null);
insert into screening (screening_id, movie_id, theater_id, start_at, end_at, created_at, updated_at, deleted_at) values (429, 28, 4, '2025-04-16 08:45:36', '2025-04-16 10:45:36', '2025-03-08 05:28:22', null, null);
insert into screening (screening_id, movie_id, theater_id, start_at, end_at, created_at, updated_at, deleted_at) values (430, 12, 2, '2025-04-19 02:59:42', '2025-04-19 04:59:42', '2025-03-12 13:52:39', null, null);
insert into screening (screening_id, movie_id, theater_id, start_at, end_at, created_at, updated_at, deleted_at) values (431, 24, 5, '2025-04-27 18:58:21', '2025-04-27 20:58:21', '2025-03-26 10:05:22', null, null);
insert into screening (screening_id, movie_id, theater_id, start_at, end_at, created_at, updated_at, deleted_at) values (432, 14, 4, '2025-04-05 02:51:34', '2025-04-05 04:51:34', '2025-03-25 23:48:26', null, null);
insert into screening (screening_id, movie_id, theater_id, start_at, end_at, created_at, updated_at, deleted_at) values (433, 41, 4, '2025-04-07 12:04:26', '2025-04-07 14:04:26', '2025-03-09 20:32:07', null, null);
insert into screening (screening_id, movie_id, theater_id, start_at, end_at, created_at, updated_at, deleted_at) values (434, 25, 3, '2025-04-20 11:05:33', '2025-04-20 13:05:33', '2025-03-14 09:56:50', null, null);
insert into screening (screening_id, movie_id, theater_id, start_at, end_at, created_at, updated_at, deleted_at) values (435, 32, 6, '2025-04-19 17:01:34', '2025-04-19 19:01:34', '2025-03-22 10:59:07', null, null);
insert into screening (screening_id, movie_id, theater_id, start_at, end_at, created_at, updated_at, deleted_at) values (436, 19, 7, '2025-04-24 21:56:59', '2025-04-24 23:56:59', '2025-03-24 10:34:33', null, null);
insert into screening (screening_id, movie_id, theater_id, start_at, end_at, created_at, updated_at, deleted_at) values (437, 26, 1, '2025-04-16 17:16:18', '2025-04-16 19:16:18', '2025-03-09 17:56:20', null, null);
insert into screening (screening_id, movie_id, theater_id, start_at, end_at, created_at, updated_at, deleted_at) values (438, 29, 7, '2025-04-23 07:16:42', '2025-04-23 09:16:42', '2025-03-13 03:43:38', null, null);
insert into screening (screening_id, movie_id, theater_id, start_at, end_at, created_at, updated_at, deleted_at) values (439, 49, 6, '2025-04-01 05:56:43', '2025-04-01 07:56:43', '2025-03-23 21:50:38', null, null);
insert into screening (screening_id, movie_id, theater_id, start_at, end_at, created_at, updated_at, deleted_at) values (440, 5, 10, '2025-04-11 05:32:40', '2025-04-11 07:32:40', '2025-03-07 08:40:26', null, null);
insert into screening (screening_id, movie_id, theater_id, start_at, end_at, created_at, updated_at, deleted_at) values (441, 32, 1, '2025-04-20 02:57:37', '2025-04-20 04:57:37', '2025-03-29 20:51:45', null, null);
insert into screening (screening_id, movie_id, theater_id, start_at, end_at, created_at, updated_at, deleted_at) values (442, 44, 1, '2025-04-22 16:34:17', '2025-04-22 18:34:17', '2025-03-09 16:38:01', null, null);
insert into screening (screening_id, movie_id, theater_id, start_at, end_at, created_at, updated_at, deleted_at) values (443, 11, 5, '2025-04-13 00:13:35', '2025-04-13 02:13:35', '2025-03-17 00:24:14', null, null);
insert into screening (screening_id, movie_id, theater_id, start_at, end_at, created_at, updated_at, deleted_at) values (444, 2, 10, '2025-04-25 21:10:52', '2025-04-25 23:10:52', '2025-03-25 21:39:45', null, null);
insert into screening (screening_id, movie_id, theater_id, start_at, end_at, created_at, updated_at, deleted_at) values (445, 8, 1, '2025-04-15 19:45:20', '2025-04-15 21:45:20', '2025-03-10 16:57:12', null, null);
insert into screening (screening_id, movie_id, theater_id, start_at, end_at, created_at, updated_at, deleted_at) values (446, 9, 2, '2025-04-23 08:04:17', '2025-04-23 10:04:17', '2025-03-08 08:28:42', null, null);
insert into screening (screening_id, movie_id, theater_id, start_at, end_at, created_at, updated_at, deleted_at) values (447, 28, 10, '2025-04-14 20:11:33', '2025-04-14 22:11:33', '2025-03-09 02:33:08', null, null);
insert into screening (screening_id, movie_id, theater_id, start_at, end_at, created_at, updated_at, deleted_at) values (448, 32, 9, '2025-04-24 22:04:57', '2025-04-25 00:04:57', '2025-03-17 03:51:19', null, null);
insert into screening (screening_id, movie_id, theater_id, start_at, end_at, created_at, updated_at, deleted_at) values (449, 9, 4, '2025-04-11 11:34:29', '2025-04-11 13:34:29', '2025-03-05 01:22:46', null, null);
insert into screening (screening_id, movie_id, theater_id, start_at, end_at, created_at, updated_at, deleted_at) values (450, 14, 8, '2025-04-02 19:40:48', '2025-04-02 21:40:48', '2025-03-03 11:46:33', null, null);
insert into screening (screening_id, movie_id, theater_id, start_at, end_at, created_at, updated_at, deleted_at) values (451, 27, 1, '2025-04-01 00:11:18', '2025-04-01 02:11:18', '2025-03-08 12:20:27', null, null);
insert into screening (screening_id, movie_id, theater_id, start_at, end_at, created_at, updated_at, deleted_at) values (452, 10, 9, '2025-04-02 05:23:17', '2025-04-02 07:23:17', '2025-03-11 13:51:33', null, null);
insert into screening (screening_id, movie_id, theater_id, start_at, end_at, created_at, updated_at, deleted_at) values (453, 13, 2, '2025-04-19 20:55:04', '2025-04-19 22:55:04', '2025-03-23 11:19:38', null, null);
insert into screening (screening_id, movie_id, theater_id, start_at, end_at, created_at, updated_at, deleted_at) values (454, 23, 9, '2025-04-24 02:33:13', '2025-04-24 04:33:13', '2025-03-22 18:45:44', null, null);
insert into screening (screening_id, movie_id, theater_id, start_at, end_at, created_at, updated_at, deleted_at) values (455, 3, 6, '2025-04-15 00:39:46', '2025-04-15 02:39:46', '2025-03-13 10:34:27', '2025-03-21 06:08:01', null);
insert into screening (screening_id, movie_id, theater_id, start_at, end_at, created_at, updated_at, deleted_at) values (456, 39, 10, '2025-04-05 04:16:09', '2025-04-05 06:16:09', '2025-03-07 12:13:14', null, null);
insert into screening (screening_id, movie_id, theater_id, start_at, end_at, created_at, updated_at, deleted_at) values (457, 9, 10, '2025-04-19 12:26:15', '2025-04-19 14:26:15', '2025-03-16 00:06:38', null, null);
insert into screening (screening_id, movie_id, theater_id, start_at, end_at, created_at, updated_at, deleted_at) values (458, 44, 10, '2025-04-17 13:15:23', '2025-04-17 15:15:23', '2025-03-13 21:44:05', null, null);
insert into screening (screening_id, movie_id, theater_id, start_at, end_at, created_at, updated_at, deleted_at) values (459, 27, 10, '2025-04-23 16:47:47', '2025-04-23 18:47:47', '2025-03-05 00:12:21', null, null);
insert into screening (screening_id, movie_id, theater_id, start_at, end_at, created_at, updated_at, deleted_at) values (460, 6, 7, '2025-04-27 17:19:06', '2025-04-27 19:19:06', '2025-03-01 03:29:32', null, null);
insert into screening (screening_id, movie_id, theater_id, start_at, end_at, created_at, updated_at, deleted_at) values (461, 44, 2, '2025-04-12 21:37:12', '2025-04-12 23:37:12', '2025-03-23 16:51:07', null, null);
insert into screening (screening_id, movie_id, theater_id, start_at, end_at, created_at, updated_at, deleted_at) values (462, 36, 9, '2025-04-26 17:24:19', '2025-04-26 19:24:19', '2025-03-04 02:41:08', null, null);
insert into screening (screening_id, movie_id, theater_id, start_at, end_at, created_at, updated_at, deleted_at) values (463, 27, 7, '2025-04-28 08:15:57', '2025-04-28 10:15:57', '2025-03-23 06:10:49', null, null);
insert into screening (screening_id, movie_id, theater_id, start_at, end_at, created_at, updated_at, deleted_at) values (464, 48, 8, '2025-04-28 15:21:27', '2025-04-28 17:21:27', '2025-03-30 16:12:18', null, null);
insert into screening (screening_id, movie_id, theater_id, start_at, end_at, created_at, updated_at, deleted_at) values (465, 38, 1, '2025-04-24 00:45:49', '2025-04-24 02:45:49', '2025-03-22 02:11:07', null, null);
insert into screening (screening_id, movie_id, theater_id, start_at, end_at, created_at, updated_at, deleted_at) values (466, 33, 10, '2025-04-08 00:03:11', '2025-04-08 02:03:11', '2025-03-06 00:00:00', null, null);
insert into screening (screening_id, movie_id, theater_id, start_at, end_at, created_at, updated_at, deleted_at) values (467, 31, 7, '2025-04-28 16:02:31', '2025-04-28 18:02:31', '2025-03-03 11:52:26', null, null);
insert into screening (screening_id, movie_id, theater_id, start_at, end_at, created_at, updated_at, deleted_at) values (468, 12, 2, '2025-04-26 12:37:32', '2025-04-26 14:37:32', '2025-03-06 19:07:56', null, null);
insert into screening (screening_id, movie_id, theater_id, start_at, end_at, created_at, updated_at, deleted_at) values (469, 10, 4, '2025-04-26 01:49:27', '2025-04-26 03:49:27', '2025-03-11 16:26:35', '2025-03-20 11:40:34', null);
insert into screening (screening_id, movie_id, theater_id, start_at, end_at, created_at, updated_at, deleted_at) values (470, 22, 6, '2025-04-21 06:20:26', '2025-04-21 08:20:26', '2025-03-22 02:50:48', null, null);
insert into screening (screening_id, movie_id, theater_id, start_at, end_at, created_at, updated_at, deleted_at) values (471, 11, 3, '2025-04-14 06:16:58', '2025-04-14 08:16:58', '2025-03-21 08:08:27', null, null);
insert into screening (screening_id, movie_id, theater_id, start_at, end_at, created_at, updated_at, deleted_at) values (472, 19, 1, '2025-04-12 08:16:37', '2025-04-12 10:16:37', '2025-03-25 12:25:31', null, null);
insert into screening (screening_id, movie_id, theater_id, start_at, end_at, created_at, updated_at, deleted_at) values (473, 9, 1, '2025-04-24 23:26:05', '2025-04-25 01:26:05', '2025-03-24 08:58:29', null, null);
insert into screening (screening_id, movie_id, theater_id, start_at, end_at, created_at, updated_at, deleted_at) values (474, 36, 5, '2025-04-18 09:37:23', '2025-04-18 11:37:23', '2025-03-21 15:00:24', null, null);
insert into screening (screening_id, movie_id, theater_id, start_at, end_at, created_at, updated_at, deleted_at) values (475, 38, 1, '2025-04-25 02:42:20', '2025-04-25 04:42:20', '2025-03-06 14:28:12', null, null);
insert into screening (screening_id, movie_id, theater_id, start_at, end_at, created_at, updated_at, deleted_at) values (476, 20, 1, '2025-04-29 17:32:50', '2025-04-29 19:32:50', '2025-03-17 05:53:28', null, null);
insert into screening (screening_id, movie_id, theater_id, start_at, end_at, created_at, updated_at, deleted_at) values (477, 10, 3, '2025-04-05 16:52:20', '2025-04-05 18:52:20', '2025-03-29 19:37:01', null, null);
insert into screening (screening_id, movie_id, theater_id, start_at, end_at, created_at, updated_at, deleted_at) values (478, 8, 4, '2025-04-29 17:44:06', '2025-04-29 19:44:06', '2025-03-13 00:25:39', null, null);
insert into screening (screening_id, movie_id, theater_id, start_at, end_at, created_at, updated_at, deleted_at) values (479, 35, 7, '2025-04-12 13:49:24', '2025-04-12 15:49:24', '2025-03-12 07:18:16', null, null);
insert into screening (screening_id, movie_id, theater_id, start_at, end_at, created_at, updated_at, deleted_at) values (480, 42, 9, '2025-04-05 06:11:07', '2025-04-05 08:11:07', '2025-03-24 18:43:21', null, null);
insert into screening (screening_id, movie_id, theater_id, start_at, end_at, created_at, updated_at, deleted_at) values (481, 15, 3, '2025-04-22 14:33:52', '2025-04-22 16:33:52', '2025-03-21 03:16:02', null, null);
insert into screening (screening_id, movie_id, theater_id, start_at, end_at, created_at, updated_at, deleted_at) values (482, 7, 9, '2025-04-16 13:40:34', '2025-04-16 15:40:34', '2025-03-16 10:10:12', null, null);
insert into screening (screening_id, movie_id, theater_id, start_at, end_at, created_at, updated_at, deleted_at) values (483, 1, 8, '2025-04-27 22:12:06', '2025-04-28 00:12:06', '2025-03-22 13:42:27', null, null);
insert into screening (screening_id, movie_id, theater_id, start_at, end_at, created_at, updated_at, deleted_at) values (484, 6, 6, '2025-04-11 01:47:30', '2025-04-11 03:47:30', '2025-03-22 01:28:31', null, null);
insert into screening (screening_id, movie_id, theater_id, start_at, end_at, created_at, updated_at, deleted_at) values (485, 2, 3, '2025-04-11 05:46:55', '2025-04-11 07:46:55', '2025-03-03 21:03:50', null, null);
insert into screening (screening_id, movie_id, theater_id, start_at, end_at, created_at, updated_at, deleted_at) values (486, 44, 9, '2025-04-08 15:24:58', '2025-04-08 17:24:58', '2025-03-23 20:53:24', null, null);
insert into screening (screening_id, movie_id, theater_id, start_at, end_at, created_at, updated_at, deleted_at) values (487, 12, 3, '2025-04-29 19:11:34', '2025-04-29 21:11:34', '2025-03-17 19:08:56', null, null);
insert into screening (screening_id, movie_id, theater_id, start_at, end_at, created_at, updated_at, deleted_at) values (488, 32, 9, '2025-04-02 12:16:05', '2025-04-02 14:16:05', '2025-03-15 03:56:00', null, null);
insert into screening (screening_id, movie_id, theater_id, start_at, end_at, created_at, updated_at, deleted_at) values (489, 26, 10, '2025-04-27 09:10:17', '2025-04-27 11:10:17', '2025-03-16 22:09:15', null, null);
insert into screening (screening_id, movie_id, theater_id, start_at, end_at, created_at, updated_at, deleted_at) values (490, 41, 9, '2025-04-20 10:17:19', '2025-04-20 12:17:19', '2025-03-26 03:56:40', null, null);
insert into screening (screening_id, movie_id, theater_id, start_at, end_at, created_at, updated_at, deleted_at) values (491, 32, 2, '2025-04-09 07:39:40', '2025-04-09 09:39:40', '2025-03-16 02:47:42', null, null);
insert into screening (screening_id, movie_id, theater_id, start_at, end_at, created_at, updated_at, deleted_at) values (492, 15, 7, '2025-04-04 15:57:22', '2025-04-04 17:57:22', '2025-03-27 03:03:17', null, null);
insert into screening (screening_id, movie_id, theater_id, start_at, end_at, created_at, updated_at, deleted_at) values (493, 50, 3, '2025-04-12 02:13:09', '2025-04-12 04:13:09', '2025-03-26 19:18:35', null, null);
insert into screening (screening_id, movie_id, theater_id, start_at, end_at, created_at, updated_at, deleted_at) values (494, 15, 3, '2025-04-10 16:49:31', '2025-04-10 18:49:31', '2025-03-25 02:28:20', null, null);
insert into screening (screening_id, movie_id, theater_id, start_at, end_at, created_at, updated_at, deleted_at) values (495, 23, 8, '2025-04-14 18:16:35', '2025-04-14 20:16:35', '2025-03-05 02:33:17', null, null);
insert into screening (screening_id, movie_id, theater_id, start_at, end_at, created_at, updated_at, deleted_at) values (496, 36, 9, '2025-04-01 05:12:06', '2025-04-01 07:12:06', '2025-03-04 08:02:29', null, null);
insert into screening (screening_id, movie_id, theater_id, start_at, end_at, created_at, updated_at, deleted_at) values (497, 41, 8, '2025-04-22 14:03:52', '2025-04-22 16:03:52', '2025-03-20 17:13:35', null, null);
insert into screening (screening_id, movie_id, theater_id, start_at, end_at, created_at, updated_at, deleted_at) values (498, 38, 6, '2025-04-03 06:36:40', '2025-04-03 08:36:40', '2025-03-02 09:59:35', null, null);
insert into screening (screening_id, movie_id, theater_id, start_at, end_at, created_at, updated_at, deleted_at) values (499, 47, 9, '2025-04-17 23:39:24', '2025-04-18 01:39:24', '2025-03-18 15:49:00', null, null);
insert into screening (screening_id, movie_id, theater_id, start_at, end_at, created_at, updated_at, deleted_at) values (500, 12, 8, '2025-04-21 12:24:07', '2025-04-21 14:24:07', '2025-03-12 05:36:22', null, null);
